higher_taxon,scientificName,flights,development,immature.habitat,diapause.stage,larval.diet,references,references.1,references.2
Odonata,Pachydiplax longipennis,not univoltine,hemimetabolous,fresh water,Larvae,carnivorous,https://search.proquest.com/docview/873898214/fulltextPDF/817FDB8EF3C34FCAPQ/1?accountid=10920,http://www.migratorydragonflypartnership.org/index/identificationGuides,https://s3.amazonaws.com/academia.edu.documents/48583554/Voltinism_of_Odonata_a_review20160905-21345-1lsj6li.pdf?response-content-disposition=inline%3B%20filename%3DVoltinism_of_Odonata_a_review.pdf&X-Amz-Algorithm=AWS4-HMAC-SHA256&X-Amz-Credential=ASIATUSBJ6BAB75FHHGK%2F20200509%2Fus-east-1%2Fs3%2Faws4_request&X-Amz-Date=20200509T134319Z&X-Amz-Expires=3600&X-Amz-SignedHeaders=host&X-Amz-Security-Token=IQoJb3JpZ2luX2VjELP%2F%2F%2F%2F%2F%2F%2F%2F%2F%2FwEaCXVzLWVhc3QtMSJHMEUCIA3%2B4sbOFWoJrLXgZSY9c6uR53gsGnUwsmrCtS9rSU6TAiEAyubl4nyVT3s%2Fckb1Xywp4gCYOKe4HeaTxZff53pnaH0qvQMI7P%2F%2F%2F%2F%2F%2F%2F%2F%2F%2FARAAGgwyNTAzMTg4MTEyMDAiDHye2iRH%2BfNv1fN%2BHiqRA4gAjZxcs%2Bu3%2F%2Bv5lt8dTvHAe2giaHt5DaCaJSkLzag5V4WyabZ0h1kvsLWMFznUxjnH7DN7bfCfxWTIqvCmHIk3i%2Fz8sBPa5BxjDGLplFDj2TIZUwnsSgkvBlajGsuBbN06AaNTqnR%2B24EoB9f2Q6lxy%2B5zmuD57maEe2XSWzff05xMl9lUpBbi63jfBq5HcRjFWYSrLQ8nN3eSYXRr%2BIpIa9RO2Ni3%2B%2FaeNO6uFG%2Byb0bxGcmLIzJ9mbqFLCy1S%2B3BMTAXFD57GIBSpk4PSZLiC%2Fit8fBh8qxZYBCyMgIkokiIt%2BzzE3%2Fpf6cmf2ZAuNEoYDsfDH7rKVbvPeUn75U7KsYxCagWcdR8QMtpj1xQZLn1sC3wO53%2F3mGsHmWcDmLTt9mURqpPviyMDot90mqlYFp5R9HmtOjITzc8TFy6%2Bj2M24SKWKuthOiPJr8uoKP1TorMZoUWvhNPsF6YnMJUdpRmpj35n0ecwBKTZyl0qYRPauo6t7VHY27htgNSdMvZf3ksQ6V1XtsXQvSjTJAEMPWK2vUFOusBiVJe%2FSPNuNUyJ9YKyR8dhUu8vuCmvVXvuDnwUGNW%2By0pxrqG5WhSX71TEzyf8sJugYTjee5pmyBKKHDwbQ%2BUzLARIcjUF%2FWRlz7kjAYFrQVvTiyusZT39rlQ4CgDe%2BhGr1iZhJydndiBcVJAqeO6bhpu4xo8zQt1XPIN9e23gQ5DRGagZNILOIXe9U6k%2FpbBHWS7aTTbbG2bvlQTk26SlIJzjksCzLbX7B%2FNaug8FJYRwkWLTT4WTgL2IBYMOrm1xGWgYPHkAUgdMrTjkedndd%2F89KaSg%2B1hJkhlGk9iT0HuoW5oWLrfbA7ElA%3D%3D&X-Amz-Signature=92ec99aa9ba241485039bdf1fc4ce7073260bf618c77f617e7f80630ca57cbe9
Odonata,Erythemis simplicicollis,not univoltine,hemimetabolous,fresh water,Larvae,carnivorous,https://s3.amazonaws.com/academia.edu.documents/48583554/Voltinism_of_Odonata_a_review20160905-21345-1lsj6li.pdf?response-content-disposition=inline%3B%20filename%3DVoltinism_of_Odonata_a_review.pdf&X-Amz-Algorithm=AWS4-HMAC-SHA256&X-Amz-Credential=ASIATUSBJ6BAB75FHHGK%2F20200509%2Fus-east-1%2Fs3%2Faws4_request&X-Amz-Date=20200509T134319Z&X-Amz-Expires=3600&X-Amz-SignedHeaders=host&X-Amz-Security-Token=IQoJb3JpZ2luX2VjELP%2F%2F%2F%2F%2F%2F%2F%2F%2F%2FwEaCXVzLWVhc3QtMSJHMEUCIA3%2B4sbOFWoJrLXgZSY9c6uR53gsGnUwsmrCtS9rSU6TAiEAyubl4nyVT3s%2Fckb1Xywp4gCYOKe4HeaTxZff53pnaH0qvQMI7P%2F%2F%2F%2F%2F%2F%2F%2F%2F%2FARAAGgwyNTAzMTg4MTEyMDAiDHye2iRH%2BfNv1fN%2BHiqRA4gAjZxcs%2Bu3%2F%2Bv5lt8dTvHAe2giaHt5DaCaJSkLzag5V4WyabZ0h1kvsLWMFznUxjnH7DN7bfCfxWTIqvCmHIk3i%2Fz8sBPa5BxjDGLplFDj2TIZUwnsSgkvBlajGsuBbN06AaNTqnR%2B24EoB9f2Q6lxy%2B5zmuD57maEe2XSWzff05xMl9lUpBbi63jfBq5HcRjFWYSrLQ8nN3eSYXRr%2BIpIa9RO2Ni3%2B%2FaeNO6uFG%2Byb0bxGcmLIzJ9mbqFLCy1S%2B3BMTAXFD57GIBSpk4PSZLiC%2Fit8fBh8qxZYBCyMgIkokiIt%2BzzE3%2Fpf6cmf2ZAuNEoYDsfDH7rKVbvPeUn75U7KsYxCagWcdR8QMtpj1xQZLn1sC3wO53%2F3mGsHmWcDmLTt9mURqpPviyMDot90mqlYFp5R9HmtOjITzc8TFy6%2Bj2M24SKWKuthOiPJr8uoKP1TorMZoUWvhNPsF6YnMJUdpRmpj35n0ecwBKTZyl0qYRPauo6t7VHY27htgNSdMvZf3ksQ6V1XtsXQvSjTJAEMPWK2vUFOusBiVJe%2FSPNuNUyJ9YKyR8dhUu8vuCmvVXvuDnwUGNW%2By0pxrqG5WhSX71TEzyf8sJugYTjee5pmyBKKHDwbQ%2BUzLARIcjUF%2FWRlz7kjAYFrQVvTiyusZT39rlQ4CgDe%2BhGr1iZhJydndiBcVJAqeO6bhpu4xo8zQt1XPIN9e23gQ5DRGagZNILOIXe9U6k%2FpbBHWS7aTTbbG2bvlQTk26SlIJzjksCzLbX7B%2FNaug8FJYRwkWLTT4WTgL2IBYMOrm1xGWgYPHkAUgdMrTjkedndd%2F89KaSg%2B1hJkhlGk9iT0HuoW5oWLrfbA7ElA%3D%3D&X-Amz-Signature=92ec99aa9ba241485039bdf1fc4ce7073260bf618c77f617e7f80630ca57cbe9,https://www.jstor.org/stable/pdf/1939515.pdf?casa_token=LDbXsUxAuSkAAAAA:7Wglh8GDEd-GZrA_Ly9J-tYg_L-axM8HTkv3b2IrSMFAzn-5CKuXC70IuR0jl7d8KPG-TXeYZ-2A2-1MuP6YcYMwJ2y1DMx7Ps8FXZk7pNKaAHXgpw,https://search.proquest.com/docview/305419798?pq-origsite=gscholar
Odonata,Libellula luctuosa,univoltine,hemimetabolous,fresh water,Larvae,carnivorous,https://s3.amazonaws.com/academia.edu.documents/48583554/Voltinism_of_Odonata_a_review20160905-21345-1lsj6li.pdf?response-content-disposition=inline%3B%20filename%3DVoltinism_of_Odonata_a_review.pdf&X-Amz-Algorithm=AWS4-HMAC-SHA256&X-Amz-Credential=ASIATUSBJ6BAB75FHHGK%2F20200509%2Fus-east-1%2Fs3%2Faws4_request&X-Amz-Date=20200509T134319Z&X-Amz-Expires=3600&X-Amz-SignedHeaders=host&X-Amz-Security-Token=IQoJb3JpZ2luX2VjELP%2F%2F%2F%2F%2F%2F%2F%2F%2F%2FwEaCXVzLWVhc3QtMSJHMEUCIA3%2B4sbOFWoJrLXgZSY9c6uR53gsGnUwsmrCtS9rSU6TAiEAyubl4nyVT3s%2Fckb1Xywp4gCYOKe4HeaTxZff53pnaH0qvQMI7P%2F%2F%2F%2F%2F%2F%2F%2F%2F%2FARAAGgwyNTAzMTg4MTEyMDAiDHye2iRH%2BfNv1fN%2BHiqRA4gAjZxcs%2Bu3%2F%2Bv5lt8dTvHAe2giaHt5DaCaJSkLzag5V4WyabZ0h1kvsLWMFznUxjnH7DN7bfCfxWTIqvCmHIk3i%2Fz8sBPa5BxjDGLplFDj2TIZUwnsSgkvBlajGsuBbN06AaNTqnR%2B24EoB9f2Q6lxy%2B5zmuD57maEe2XSWzff05xMl9lUpBbi63jfBq5HcRjFWYSrLQ8nN3eSYXRr%2BIpIa9RO2Ni3%2B%2FaeNO6uFG%2Byb0bxGcmLIzJ9mbqFLCy1S%2B3BMTAXFD57GIBSpk4PSZLiC%2Fit8fBh8qxZYBCyMgIkokiIt%2BzzE3%2Fpf6cmf2ZAuNEoYDsfDH7rKVbvPeUn75U7KsYxCagWcdR8QMtpj1xQZLn1sC3wO53%2F3mGsHmWcDmLTt9mURqpPviyMDot90mqlYFp5R9HmtOjITzc8TFy6%2Bj2M24SKWKuthOiPJr8uoKP1TorMZoUWvhNPsF6YnMJUdpRmpj35n0ecwBKTZyl0qYRPauo6t7VHY27htgNSdMvZf3ksQ6V1XtsXQvSjTJAEMPWK2vUFOusBiVJe%2FSPNuNUyJ9YKyR8dhUu8vuCmvVXvuDnwUGNW%2By0pxrqG5WhSX71TEzyf8sJugYTjee5pmyBKKHDwbQ%2BUzLARIcjUF%2FWRlz7kjAYFrQVvTiyusZT39rlQ4CgDe%2BhGr1iZhJydndiBcVJAqeO6bhpu4xo8zQt1XPIN9e23gQ5DRGagZNILOIXe9U6k%2FpbBHWS7aTTbbG2bvlQTk26SlIJzjksCzLbX7B%2FNaug8FJYRwkWLTT4WTgL2IBYMOrm1xGWgYPHkAUgdMrTjkedndd%2F89KaSg%2B1hJkhlGk9iT0HuoW5oWLrfbA7ElA%3D%3D&X-Amz-Signature=92ec99aa9ba241485039bdf1fc4ce7073260bf618c77f617e7f80630ca57cbe9,https://www.jstor.org/stable/pdf/1467827.pdf?refreqid=excelsior%3A7083def44abde8bb025f5427f0692765,
Odonata,Calopteryx maculata,univoltine,hemimetabolous,fresh water,Egg,carnivorous,https://oepos.ca.uky.edu/content/black-winged-damselfly,https://explorer.natureserve.org/Taxon/ELEMENT_GLOBAL.2.107355/Calopteryx_maculata,
Odonata,Perithemis tenera,not univoltine,hemimetabolous,fresh water,Larvae,carnivorous,https://s3.amazonaws.com/academia.edu.documents/48583554/Voltinism_of_Odonata_a_review20160905-21345-1lsj6li.pdf?response-content-disposition=inline%3B%20filename%3DVoltinism_of_Odonata_a_review.pdf&X-Amz-Algorithm=AWS4-HMAC-SHA256&X-Amz-Credential=ASIATUSBJ6BAB75FHHGK%2F20200509%2Fus-east-1%2Fs3%2Faws4_request&X-Amz-Date=20200509T134319Z&X-Amz-Expires=3600&X-Amz-SignedHeaders=host&X-Amz-Security-Token=IQoJb3JpZ2luX2VjELP%2F%2F%2F%2F%2F%2F%2F%2F%2F%2FwEaCXVzLWVhc3QtMSJHMEUCIA3%2B4sbOFWoJrLXgZSY9c6uR53gsGnUwsmrCtS9rSU6TAiEAyubl4nyVT3s%2Fckb1Xywp4gCYOKe4HeaTxZff53pnaH0qvQMI7P%2F%2F%2F%2F%2F%2F%2F%2F%2F%2FARAAGgwyNTAzMTg4MTEyMDAiDHye2iRH%2BfNv1fN%2BHiqRA4gAjZxcs%2Bu3%2F%2Bv5lt8dTvHAe2giaHt5DaCaJSkLzag5V4WyabZ0h1kvsLWMFznUxjnH7DN7bfCfxWTIqvCmHIk3i%2Fz8sBPa5BxjDGLplFDj2TIZUwnsSgkvBlajGsuBbN06AaNTqnR%2B24EoB9f2Q6lxy%2B5zmuD57maEe2XSWzff05xMl9lUpBbi63jfBq5HcRjFWYSrLQ8nN3eSYXRr%2BIpIa9RO2Ni3%2B%2FaeNO6uFG%2Byb0bxGcmLIzJ9mbqFLCy1S%2B3BMTAXFD57GIBSpk4PSZLiC%2Fit8fBh8qxZYBCyMgIkokiIt%2BzzE3%2Fpf6cmf2ZAuNEoYDsfDH7rKVbvPeUn75U7KsYxCagWcdR8QMtpj1xQZLn1sC3wO53%2F3mGsHmWcDmLTt9mURqpPviyMDot90mqlYFp5R9HmtOjITzc8TFy6%2Bj2M24SKWKuthOiPJr8uoKP1TorMZoUWvhNPsF6YnMJUdpRmpj35n0ecwBKTZyl0qYRPauo6t7VHY27htgNSdMvZf3ksQ6V1XtsXQvSjTJAEMPWK2vUFOusBiVJe%2FSPNuNUyJ9YKyR8dhUu8vuCmvVXvuDnwUGNW%2By0pxrqG5WhSX71TEzyf8sJugYTjee5pmyBKKHDwbQ%2BUzLARIcjUF%2FWRlz7kjAYFrQVvTiyusZT39rlQ4CgDe%2BhGr1iZhJydndiBcVJAqeO6bhpu4xo8zQt1XPIN9e23gQ5DRGagZNILOIXe9U6k%2FpbBHWS7aTTbbG2bvlQTk26SlIJzjksCzLbX7B%2FNaug8FJYRwkWLTT4WTgL2IBYMOrm1xGWgYPHkAUgdMrTjkedndd%2F89KaSg%2B1hJkhlGk9iT0HuoW5oWLrfbA7ElA%3D%3D&X-Amz-Signature=92ec99aa9ba241485039bdf1fc4ce7073260bf618c77f617e7f80630ca57cbe9,https://search.proquest.com/docview/305419798?pq-origsite=gscholar,
Odonata,Ischnura verticalis,univoltine,hemimetabolous,fresh water,Larvae,carnivorous,https://link.springer.com/article/10.1007/s10905-011-9285-5?shared-article-renderer,https://s3.amazonaws.com/academia.edu.documents/48583554/Voltinism_of_Odonata_a_review20160905-21345-1lsj6li.pdf?response-content-disposition=inline%3B%20filename%3DVoltinism_of_Odonata_a_review.pdf&X-Amz-Algorithm=AWS4-HMAC-SHA256&X-Amz-Credential=ASIATUSBJ6BAB75FHHGK%2F20200509%2Fus-east-1%2Fs3%2Faws4_request&X-Amz-Date=20200509T134319Z&X-Amz-Expires=3600&X-Amz-SignedHeaders=host&X-Amz-Security-Token=IQoJb3JpZ2luX2VjELP%2F%2F%2F%2F%2F%2F%2F%2F%2F%2FwEaCXVzLWVhc3QtMSJHMEUCIA3%2B4sbOFWoJrLXgZSY9c6uR53gsGnUwsmrCtS9rSU6TAiEAyubl4nyVT3s%2Fckb1Xywp4gCYOKe4HeaTxZff53pnaH0qvQMI7P%2F%2F%2F%2F%2F%2F%2F%2F%2F%2FARAAGgwyNTAzMTg4MTEyMDAiDHye2iRH%2BfNv1fN%2BHiqRA4gAjZxcs%2Bu3%2F%2Bv5lt8dTvHAe2giaHt5DaCaJSkLzag5V4WyabZ0h1kvsLWMFznUxjnH7DN7bfCfxWTIqvCmHIk3i%2Fz8sBPa5BxjDGLplFDj2TIZUwnsSgkvBlajGsuBbN06AaNTqnR%2B24EoB9f2Q6lxy%2B5zmuD57maEe2XSWzff05xMl9lUpBbi63jfBq5HcRjFWYSrLQ8nN3eSYXRr%2BIpIa9RO2Ni3%2B%2FaeNO6uFG%2Byb0bxGcmLIzJ9mbqFLCy1S%2B3BMTAXFD57GIBSpk4PSZLiC%2Fit8fBh8qxZYBCyMgIkokiIt%2BzzE3%2Fpf6cmf2ZAuNEoYDsfDH7rKVbvPeUn75U7KsYxCagWcdR8QMtpj1xQZLn1sC3wO53%2F3mGsHmWcDmLTt9mURqpPviyMDot90mqlYFp5R9HmtOjITzc8TFy6%2Bj2M24SKWKuthOiPJr8uoKP1TorMZoUWvhNPsF6YnMJUdpRmpj35n0ecwBKTZyl0qYRPauo6t7VHY27htgNSdMvZf3ksQ6V1XtsXQvSjTJAEMPWK2vUFOusBiVJe%2FSPNuNUyJ9YKyR8dhUu8vuCmvVXvuDnwUGNW%2By0pxrqG5WhSX71TEzyf8sJugYTjee5pmyBKKHDwbQ%2BUzLARIcjUF%2FWRlz7kjAYFrQVvTiyusZT39rlQ4CgDe%2BhGr1iZhJydndiBcVJAqeO6bhpu4xo8zQt1XPIN9e23gQ5DRGagZNILOIXe9U6k%2FpbBHWS7aTTbbG2bvlQTk26SlIJzjksCzLbX7B%2FNaug8FJYRwkWLTT4WTgL2IBYMOrm1xGWgYPHkAUgdMrTjkedndd%2F89KaSg%2B1hJkhlGk9iT0HuoW5oWLrfbA7ElA%3D%3D&X-Amz-Signature=92ec99aa9ba241485039bdf1fc4ce7073260bf618c77f617e7f80630ca57cbe9,
Odonata,Ischnura posita,not univoltine,hemimetabolous,fresh water,Larvae,carnivorous,https://s3.amazonaws.com/academia.edu.documents/48583554/Voltinism_of_Odonata_a_review20160905-21345-1lsj6li.pdf?response-content-disposition=inline%3B%20filename%3DVoltinism_of_Odonata_a_review.pdf&X-Amz-Algorithm=AWS4-HMAC-SHA256&X-Amz-Credential=ASIATUSBJ6BAB75FHHGK%2F20200509%2Fus-east-1%2Fs3%2Faws4_request&X-Amz-Date=20200509T134319Z&X-Amz-Expires=3600&X-Amz-SignedHeaders=host&X-Amz-Security-Token=IQoJb3JpZ2luX2VjELP%2F%2F%2F%2F%2F%2F%2F%2F%2F%2FwEaCXVzLWVhc3QtMSJHMEUCIA3%2B4sbOFWoJrLXgZSY9c6uR53gsGnUwsmrCtS9rSU6TAiEAyubl4nyVT3s%2Fckb1Xywp4gCYOKe4HeaTxZff53pnaH0qvQMI7P%2F%2F%2F%2F%2F%2F%2F%2F%2F%2FARAAGgwyNTAzMTg4MTEyMDAiDHye2iRH%2BfNv1fN%2BHiqRA4gAjZxcs%2Bu3%2F%2Bv5lt8dTvHAe2giaHt5DaCaJSkLzag5V4WyabZ0h1kvsLWMFznUxjnH7DN7bfCfxWTIqvCmHIk3i%2Fz8sBPa5BxjDGLplFDj2TIZUwnsSgkvBlajGsuBbN06AaNTqnR%2B24EoB9f2Q6lxy%2B5zmuD57maEe2XSWzff05xMl9lUpBbi63jfBq5HcRjFWYSrLQ8nN3eSYXRr%2BIpIa9RO2Ni3%2B%2FaeNO6uFG%2Byb0bxGcmLIzJ9mbqFLCy1S%2B3BMTAXFD57GIBSpk4PSZLiC%2Fit8fBh8qxZYBCyMgIkokiIt%2BzzE3%2Fpf6cmf2ZAuNEoYDsfDH7rKVbvPeUn75U7KsYxCagWcdR8QMtpj1xQZLn1sC3wO53%2F3mGsHmWcDmLTt9mURqpPviyMDot90mqlYFp5R9HmtOjITzc8TFy6%2Bj2M24SKWKuthOiPJr8uoKP1TorMZoUWvhNPsF6YnMJUdpRmpj35n0ecwBKTZyl0qYRPauo6t7VHY27htgNSdMvZf3ksQ6V1XtsXQvSjTJAEMPWK2vUFOusBiVJe%2FSPNuNUyJ9YKyR8dhUu8vuCmvVXvuDnwUGNW%2By0pxrqG5WhSX71TEzyf8sJugYTjee5pmyBKKHDwbQ%2BUzLARIcjUF%2FWRlz7kjAYFrQVvTiyusZT39rlQ4CgDe%2BhGr1iZhJydndiBcVJAqeO6bhpu4xo8zQt1XPIN9e23gQ5DRGagZNILOIXe9U6k%2FpbBHWS7aTTbbG2bvlQTk26SlIJzjksCzLbX7B%2FNaug8FJYRwkWLTT4WTgL2IBYMOrm1xGWgYPHkAUgdMrTjkedndd%2F89KaSg%2B1hJkhlGk9iT0HuoW5oWLrfbA7ElA%3D%3D&X-Amz-Signature=92ec99aa9ba241485039bdf1fc4ce7073260bf618c77f617e7f80630ca57cbe9,https://www.tandfonline.com/doi/abs/10.1080/13887890.2008.9748324,
Odonata,Sympetrum corruptum,not univoltine,hemimetabolous,fresh water,None,carnivorous,http://www.meadowhawks.info/sympetrum-corruptum.html,http://www.migratorydragonflypartnership.org/index/about,
Odonata,Sympetrum vicinum,not univoltine,hemimetabolous,fresh water,Egg,carnivorous,https://animaldiversity.org/accounts/Sympetrum_vicinum/,http://www.migratorydragonflypartnership.org/index/identificationGuides,
Odonata,Celithemis eponina,univoltine,hemimetabolous,fresh water,Larvae,carnivorous,http://acadianes.org/journal/papers/mcalpine_17-6.pdf,https://search.proquest.com/docview/305419798/previewPDF/56FE5B4A18E1479CPQ/1?accountid=10920,https://search.proquest.com/docview/305419798/previewPDF/56FE5B4A18E1479CPQ/1?accountid=10920
Odonata,Libellula incesta,not univoltine,hemimetabolous,fresh water,Larvae,carnivorous,https://s3.amazonaws.com/academia.edu.documents/48583554/Voltinism_of_Odonata_a_review20160905-21345-1lsj6li.pdf?response-content-disposition=inline%3B%20filename%3DVoltinism_of_Odonata_a_review.pdf&X-Amz-Algorithm=AWS4-HMAC-SHA256&X-Amz-Credential=ASIATUSBJ6BAB75FHHGK%2F20200509%2Fus-east-1%2Fs3%2Faws4_request&X-Amz-Date=20200509T134319Z&X-Amz-Expires=3600&X-Amz-SignedHeaders=host&X-Amz-Security-Token=IQoJb3JpZ2luX2VjELP%2F%2F%2F%2F%2F%2F%2F%2F%2F%2FwEaCXVzLWVhc3QtMSJHMEUCIA3%2B4sbOFWoJrLXgZSY9c6uR53gsGnUwsmrCtS9rSU6TAiEAyubl4nyVT3s%2Fckb1Xywp4gCYOKe4HeaTxZff53pnaH0qvQMI7P%2F%2F%2F%2F%2F%2F%2F%2F%2F%2FARAAGgwyNTAzMTg4MTEyMDAiDHye2iRH%2BfNv1fN%2BHiqRA4gAjZxcs%2Bu3%2F%2Bv5lt8dTvHAe2giaHt5DaCaJSkLzag5V4WyabZ0h1kvsLWMFznUxjnH7DN7bfCfxWTIqvCmHIk3i%2Fz8sBPa5BxjDGLplFDj2TIZUwnsSgkvBlajGsuBbN06AaNTqnR%2B24EoB9f2Q6lxy%2B5zmuD57maEe2XSWzff05xMl9lUpBbi63jfBq5HcRjFWYSrLQ8nN3eSYXRr%2BIpIa9RO2Ni3%2B%2FaeNO6uFG%2Byb0bxGcmLIzJ9mbqFLCy1S%2B3BMTAXFD57GIBSpk4PSZLiC%2Fit8fBh8qxZYBCyMgIkokiIt%2BzzE3%2Fpf6cmf2ZAuNEoYDsfDH7rKVbvPeUn75U7KsYxCagWcdR8QMtpj1xQZLn1sC3wO53%2F3mGsHmWcDmLTt9mURqpPviyMDot90mqlYFp5R9HmtOjITzc8TFy6%2Bj2M24SKWKuthOiPJr8uoKP1TorMZoUWvhNPsF6YnMJUdpRmpj35n0ecwBKTZyl0qYRPauo6t7VHY27htgNSdMvZf3ksQ6V1XtsXQvSjTJAEMPWK2vUFOusBiVJe%2FSPNuNUyJ9YKyR8dhUu8vuCmvVXvuDnwUGNW%2By0pxrqG5WhSX71TEzyf8sJugYTjee5pmyBKKHDwbQ%2BUzLARIcjUF%2FWRlz7kjAYFrQVvTiyusZT39rlQ4CgDe%2BhGr1iZhJydndiBcVJAqeO6bhpu4xo8zQt1XPIN9e23gQ5DRGagZNILOIXe9U6k%2FpbBHWS7aTTbbG2bvlQTk26SlIJzjksCzLbX7B%2FNaug8FJYRwkWLTT4WTgL2IBYMOrm1xGWgYPHkAUgdMrTjkedndd%2F89KaSg%2B1hJkhlGk9iT0HuoW5oWLrfbA7ElA%3D%3D&X-Amz-Signature=92ec99aa9ba241485039bdf1fc4ce7073260bf618c77f617e7f80630ca57cbe9,https://search.proquest.com/docview/305419798/previewPDF/56FE5B4A18E1479CPQ/1?accountid=10920,
Odonata,Libellula pulchella,univoltine,hemimetabolous,fresh water,Larvae,carnivorous,http://www.migratorydragonflypartnership.org/index/identificationGuides,https://s3.amazonaws.com/academia.edu.documents/48583554/Voltinism_of_Odonata_a_review20160905-21345-1lsj6li.pdf?response-content-disposition=inline%3B%20filename%3DVoltinism_of_Odonata_a_review.pdf&X-Amz-Algorithm=AWS4-HMAC-SHA256&X-Amz-Credential=ASIATUSBJ6BAB75FHHGK%2F20200509%2Fus-east-1%2Fs3%2Faws4_request&X-Amz-Date=20200509T134319Z&X-Amz-Expires=3600&X-Amz-SignedHeaders=host&X-Amz-Security-Token=IQoJb3JpZ2luX2VjELP%2F%2F%2F%2F%2F%2F%2F%2F%2F%2FwEaCXVzLWVhc3QtMSJHMEUCIA3%2B4sbOFWoJrLXgZSY9c6uR53gsGnUwsmrCtS9rSU6TAiEAyubl4nyVT3s%2Fckb1Xywp4gCYOKe4HeaTxZff53pnaH0qvQMI7P%2F%2F%2F%2F%2F%2F%2F%2F%2F%2FARAAGgwyNTAzMTg4MTEyMDAiDHye2iRH%2BfNv1fN%2BHiqRA4gAjZxcs%2Bu3%2F%2Bv5lt8dTvHAe2giaHt5DaCaJSkLzag5V4WyabZ0h1kvsLWMFznUxjnH7DN7bfCfxWTIqvCmHIk3i%2Fz8sBPa5BxjDGLplFDj2TIZUwnsSgkvBlajGsuBbN06AaNTqnR%2B24EoB9f2Q6lxy%2B5zmuD57maEe2XSWzff05xMl9lUpBbi63jfBq5HcRjFWYSrLQ8nN3eSYXRr%2BIpIa9RO2Ni3%2B%2FaeNO6uFG%2Byb0bxGcmLIzJ9mbqFLCy1S%2B3BMTAXFD57GIBSpk4PSZLiC%2Fit8fBh8qxZYBCyMgIkokiIt%2BzzE3%2Fpf6cmf2ZAuNEoYDsfDH7rKVbvPeUn75U7KsYxCagWcdR8QMtpj1xQZLn1sC3wO53%2F3mGsHmWcDmLTt9mURqpPviyMDot90mqlYFp5R9HmtOjITzc8TFy6%2Bj2M24SKWKuthOiPJr8uoKP1TorMZoUWvhNPsF6YnMJUdpRmpj35n0ecwBKTZyl0qYRPauo6t7VHY27htgNSdMvZf3ksQ6V1XtsXQvSjTJAEMPWK2vUFOusBiVJe%2FSPNuNUyJ9YKyR8dhUu8vuCmvVXvuDnwUGNW%2By0pxrqG5WhSX71TEzyf8sJugYTjee5pmyBKKHDwbQ%2BUzLARIcjUF%2FWRlz7kjAYFrQVvTiyusZT39rlQ4CgDe%2BhGr1iZhJydndiBcVJAqeO6bhpu4xo8zQt1XPIN9e23gQ5DRGagZNILOIXe9U6k%2FpbBHWS7aTTbbG2bvlQTk26SlIJzjksCzLbX7B%2FNaug8FJYRwkWLTT4WTgL2IBYMOrm1xGWgYPHkAUgdMrTjkedndd%2F89KaSg%2B1hJkhlGk9iT0HuoW5oWLrfbA7ElA%3D%3D&X-Amz-Signature=92ec99aa9ba241485039bdf1fc4ce7073260bf618c77f617e7f80630ca57cbe9,https://search.proquest.com/docview/305419798/previewPDF/56FE5B4A18E1479CPQ/1?accountid=10920
Odonata,Enallagma civile,not univoltine,hemimetabolous,fresh water,Larvae,carnivorous,https://sites.google.com/site/islandecologyuncw2015/impacts-of-terrestrial-fauna/familiar-bluet-damselfly,http://americaninsects.net/d/enallagma-hageni.html,
Odonata,Argia moesta,univoltine,hemimetabolous,fresh water,Larvae,carnivorous,https://www.tandfonline.com/doi/abs/10.1080/13887890.2008.9748324,https://www.google.com/books/edition/Aquatic_Insects_in_the_Vicinity_of_the_B/h_5jDwAAQBAJ?hl=en&gbpv=1&dq=voltinism+Sympetrum&pg=PA68&printsec=frontcover,
Odonata,Argia apicalis,univoltine,hemimetabolous,fresh water,Larvae,carnivorous,https://www.tandfonline.com/doi/abs/10.1080/13887890.2008.9748324,https://www.google.com/books/edition/Aquatic_Insects_in_the_Vicinity_of_the_B/h_5jDwAAQBAJ?hl=en&gbpv=1&dq=voltinism+Sympetrum&pg=PA68&printsec=frontcover,
Odonata,Ischnura ramburii,not univoltine,hemimetabolous,fresh water,Larvae,carnivorous,https://www.tandfonline.com/doi/abs/10.1080/13887890.2008.9748324,https://www.google.com/books/edition/Aquatic_Insects_in_the_Vicinity_of_the_B/h_5jDwAAQBAJ?hl=en&gbpv=1&dq=voltinism+Sympetrum&pg=PA68&printsec=frontcover,
Odonata,Libellula vibrans,univoltine,hemimetabolous,fresh water,Larvae,carnivorous,https://bugguide.net/node/view/576,https://search.proquest.com/docview/305419798/previewPDF/56FE5B4A18E1479CPQ/1?accountid=10920,https://search.proquest.com/docview/305419798/previewPDF/56FE5B4A18E1479CPQ/1?accountid=10920
Odonata,Orthemis ferruginea,univoltine,hemimetabolous,fresh water,,carnivorous,,,
Odonata,Argia fumipennis,univoltine,hemimetabolous,fresh water,Larvae,carnivorous,https://www.tandfonline.com/doi/abs/10.1080/13887890.2008.9748324,https://www.google.com/books/edition/Aquatic_Insects_in_the_Vicinity_of_the_B/h_5jDwAAQBAJ?hl=en&gbpv=1&dq=voltinism+Sympetrum&pg=PA68&printsec=frontcover,
Odonata,Libellula saturata,univoltine,hemimetabolous,fresh water,Larvae,carnivorous,https://www.google.com/books/edition/Aquatic_Insects_in_the_Vicinity_of_the_B/h_5jDwAAQBAJ?hl=en&gbpv=1&dq=voltinism+Sympetrum&pg=PA68&printsec=frontcover,https://search.proquest.com/docview/305419798/previewPDF/56FE5B4A18E1479CPQ/1?accountid=10920,
Odonata,Tramea lacerata,not univoltine,hemimetabolous,fresh water,Larvae,carnivorous,https://s3.amazonaws.com/academia.edu.documents/48583554/Voltinism_of_Odonata_a_review20160905-21345-1lsj6li.pdf?response-content-disposition=inline%3B%20filename%3DVoltinism_of_Odonata_a_review.pdf&X-Amz-Algorithm=AWS4-HMAC-SHA256&X-Amz-Credential=ASIATUSBJ6BAB75FHHGK%2F20200509%2Fus-east-1%2Fs3%2Faws4_request&X-Amz-Date=20200509T134319Z&X-Amz-Expires=3600&X-Amz-SignedHeaders=host&X-Amz-Security-Token=IQoJb3JpZ2luX2VjELP%2F%2F%2F%2F%2F%2F%2F%2F%2F%2FwEaCXVzLWVhc3QtMSJHMEUCIA3%2B4sbOFWoJrLXgZSY9c6uR53gsGnUwsmrCtS9rSU6TAiEAyubl4nyVT3s%2Fckb1Xywp4gCYOKe4HeaTxZff53pnaH0qvQMI7P%2F%2F%2F%2F%2F%2F%2F%2F%2F%2FARAAGgwyNTAzMTg4MTEyMDAiDHye2iRH%2BfNv1fN%2BHiqRA4gAjZxcs%2Bu3%2F%2Bv5lt8dTvHAe2giaHt5DaCaJSkLzag5V4WyabZ0h1kvsLWMFznUxjnH7DN7bfCfxWTIqvCmHIk3i%2Fz8sBPa5BxjDGLplFDj2TIZUwnsSgkvBlajGsuBbN06AaNTqnR%2B24EoB9f2Q6lxy%2B5zmuD57maEe2XSWzff05xMl9lUpBbi63jfBq5HcRjFWYSrLQ8nN3eSYXRr%2BIpIa9RO2Ni3%2B%2FaeNO6uFG%2Byb0bxGcmLIzJ9mbqFLCy1S%2B3BMTAXFD57GIBSpk4PSZLiC%2Fit8fBh8qxZYBCyMgIkokiIt%2BzzE3%2Fpf6cmf2ZAuNEoYDsfDH7rKVbvPeUn75U7KsYxCagWcdR8QMtpj1xQZLn1sC3wO53%2F3mGsHmWcDmLTt9mURqpPviyMDot90mqlYFp5R9HmtOjITzc8TFy6%2Bj2M24SKWKuthOiPJr8uoKP1TorMZoUWvhNPsF6YnMJUdpRmpj35n0ecwBKTZyl0qYRPauo6t7VHY27htgNSdMvZf3ksQ6V1XtsXQvSjTJAEMPWK2vUFOusBiVJe%2FSPNuNUyJ9YKyR8dhUu8vuCmvVXvuDnwUGNW%2By0pxrqG5WhSX71TEzyf8sJugYTjee5pmyBKKHDwbQ%2BUzLARIcjUF%2FWRlz7kjAYFrQVvTiyusZT39rlQ4CgDe%2BhGr1iZhJydndiBcVJAqeO6bhpu4xo8zQt1XPIN9e23gQ5DRGagZNILOIXe9U6k%2FpbBHWS7aTTbbG2bvlQTk26SlIJzjksCzLbX7B%2FNaug8FJYRwkWLTT4WTgL2IBYMOrm1xGWgYPHkAUgdMrTjkedndd%2F89KaSg%2B1hJkhlGk9iT0HuoW5oWLrfbA7ElA%3D%3D&X-Amz-Signature=92ec99aa9ba241485039bdf1fc4ce7073260bf618c77f617e7f80630ca57cbe9,http://www.migratorydragonflypartnership.org/index/about,https://books.google.com/books?id=8aqMDwAAQBAJ&pg=PA567&lpg=PA567&dq=voltinism+Tramea&source=bl&ots=X3VS_KULlb&sig=ACfU3U02C3CrcVGBNdVIVWpRvc7NSMmC5g&hl=en&sa=X&ved=2ahUKEwjVspKH0sDpAhXpct8KHZ29AMkQ6AEwAHoECAoQAQ#v=univoltinepage&q=voltinism%20Tramea&f=false
Odonata,Argia sedula,univoltine,hemimetabolous,fresh water,Larvae,carnivorous,https://www.tandfonline.com/doi/abs/10.1080/13887890.2008.9748324,https://www.google.com/books/edition/Aquatic_Insects_in_the_Vicinity_of_the_B/h_5jDwAAQBAJ?hl=en&gbpv=1&dq=voltinism+Sympetrum&pg=PA68&printsec=frontcover,
Odonata,Celithemis elisa,univoltine,hemimetabolous,fresh water,Larvae,carnivorous,https://s3.amazonaws.com/academia.edu.documents/48583554/Voltinism_of_Odonata_a_review20160905-21345-1lsj6li.pdf?response-content-disposition=inline%3B%20filename%3DVoltinism_of_Odonata_a_review.pdf&X-Amz-Algorithm=AWS4-HMAC-SHA256&X-Amz-Credential=ASIATUSBJ6BAB75FHHGK%2F20200509%2Fus-east-1%2Fs3%2Faws4_request&X-Amz-Date=20200509T134319Z&X-Amz-Expires=3600&X-Amz-SignedHeaders=host&X-Amz-Security-Token=IQoJb3JpZ2luX2VjELP%2F%2F%2F%2F%2F%2F%2F%2F%2F%2FwEaCXVzLWVhc3QtMSJHMEUCIA3%2B4sbOFWoJrLXgZSY9c6uR53gsGnUwsmrCtS9rSU6TAiEAyubl4nyVT3s%2Fckb1Xywp4gCYOKe4HeaTxZff53pnaH0qvQMI7P%2F%2F%2F%2F%2F%2F%2F%2F%2F%2FARAAGgwyNTAzMTg4MTEyMDAiDHye2iRH%2BfNv1fN%2BHiqRA4gAjZxcs%2Bu3%2F%2Bv5lt8dTvHAe2giaHt5DaCaJSkLzag5V4WyabZ0h1kvsLWMFznUxjnH7DN7bfCfxWTIqvCmHIk3i%2Fz8sBPa5BxjDGLplFDj2TIZUwnsSgkvBlajGsuBbN06AaNTqnR%2B24EoB9f2Q6lxy%2B5zmuD57maEe2XSWzff05xMl9lUpBbi63jfBq5HcRjFWYSrLQ8nN3eSYXRr%2BIpIa9RO2Ni3%2B%2FaeNO6uFG%2Byb0bxGcmLIzJ9mbqFLCy1S%2B3BMTAXFD57GIBSpk4PSZLiC%2Fit8fBh8qxZYBCyMgIkokiIt%2BzzE3%2Fpf6cmf2ZAuNEoYDsfDH7rKVbvPeUn75U7KsYxCagWcdR8QMtpj1xQZLn1sC3wO53%2F3mGsHmWcDmLTt9mURqpPviyMDot90mqlYFp5R9HmtOjITzc8TFy6%2Bj2M24SKWKuthOiPJr8uoKP1TorMZoUWvhNPsF6YnMJUdpRmpj35n0ecwBKTZyl0qYRPauo6t7VHY27htgNSdMvZf3ksQ6V1XtsXQvSjTJAEMPWK2vUFOusBiVJe%2FSPNuNUyJ9YKyR8dhUu8vuCmvVXvuDnwUGNW%2By0pxrqG5WhSX71TEzyf8sJugYTjee5pmyBKKHDwbQ%2BUzLARIcjUF%2FWRlz7kjAYFrQVvTiyusZT39rlQ4CgDe%2BhGr1iZhJydndiBcVJAqeO6bhpu4xo8zQt1XPIN9e23gQ5DRGagZNILOIXe9U6k%2FpbBHWS7aTTbbG2bvlQTk26SlIJzjksCzLbX7B%2FNaug8FJYRwkWLTT4WTgL2IBYMOrm1xGWgYPHkAUgdMrTjkedndd%2F89KaSg%2B1hJkhlGk9iT0HuoW5oWLrfbA7ElA%3D%3D&X-Amz-Signature=92ec99aa9ba241485039bdf1fc4ce7073260bf618c77f617e7f80630ca57cbe9,https://search.proquest.com/docview/305419798/previewPDF/56FE5B4A18E1479CPQ/1?accountid=10920,
Odonata,Argia vivida,not univoltine,hemimetabolous,fresh water,Larvae,carnivorous,https://s3.amazonaws.com/academia.edu.documents/48583554/Voltinism_of_Odonata_a_review20160905-21345-1lsj6li.pdf?response-content-disposition=inline%3B%20filename%3DVoltinism_of_Odonata_a_review.pdf&X-Amz-Algorithm=AWS4-HMAC-SHA256&X-Amz-Credential=ASIATUSBJ6BAB75FHHGK%2F20200509%2Fus-east-1%2Fs3%2Faws4_request&X-Amz-Date=20200509T134319Z&X-Amz-Expires=3600&X-Amz-SignedHeaders=host&X-Amz-Security-Token=IQoJb3JpZ2luX2VjELP%2F%2F%2F%2F%2F%2F%2F%2F%2F%2FwEaCXVzLWVhc3QtMSJHMEUCIA3%2B4sbOFWoJrLXgZSY9c6uR53gsGnUwsmrCtS9rSU6TAiEAyubl4nyVT3s%2Fckb1Xywp4gCYOKe4HeaTxZff53pnaH0qvQMI7P%2F%2F%2F%2F%2F%2F%2F%2F%2F%2FARAAGgwyNTAzMTg4MTEyMDAiDHye2iRH%2BfNv1fN%2BHiqRA4gAjZxcs%2Bu3%2F%2Bv5lt8dTvHAe2giaHt5DaCaJSkLzag5V4WyabZ0h1kvsLWMFznUxjnH7DN7bfCfxWTIqvCmHIk3i%2Fz8sBPa5BxjDGLplFDj2TIZUwnsSgkvBlajGsuBbN06AaNTqnR%2B24EoB9f2Q6lxy%2B5zmuD57maEe2XSWzff05xMl9lUpBbi63jfBq5HcRjFWYSrLQ8nN3eSYXRr%2BIpIa9RO2Ni3%2B%2FaeNO6uFG%2Byb0bxGcmLIzJ9mbqFLCy1S%2B3BMTAXFD57GIBSpk4PSZLiC%2Fit8fBh8qxZYBCyMgIkokiIt%2BzzE3%2Fpf6cmf2ZAuNEoYDsfDH7rKVbvPeUn75U7KsYxCagWcdR8QMtpj1xQZLn1sC3wO53%2F3mGsHmWcDmLTt9mURqpPviyMDot90mqlYFp5R9HmtOjITzc8TFy6%2Bj2M24SKWKuthOiPJr8uoKP1TorMZoUWvhNPsF6YnMJUdpRmpj35n0ecwBKTZyl0qYRPauo6t7VHY27htgNSdMvZf3ksQ6V1XtsXQvSjTJAEMPWK2vUFOusBiVJe%2FSPNuNUyJ9YKyR8dhUu8vuCmvVXvuDnwUGNW%2By0pxrqG5WhSX71TEzyf8sJugYTjee5pmyBKKHDwbQ%2BUzLARIcjUF%2FWRlz7kjAYFrQVvTiyusZT39rlQ4CgDe%2BhGr1iZhJydndiBcVJAqeO6bhpu4xo8zQt1XPIN9e23gQ5DRGagZNILOIXe9U6k%2FpbBHWS7aTTbbG2bvlQTk26SlIJzjksCzLbX7B%2FNaug8FJYRwkWLTT4WTgL2IBYMOrm1xGWgYPHkAUgdMrTjkedndd%2F89KaSg%2B1hJkhlGk9iT0HuoW5oWLrfbA7ElA%3D%3D&X-Amz-Signature=92ec99aa9ba241485039bdf1fc4ce7073260bf618c77f617e7f80630ca57cbe9,https://www.tandfonline.com/doi/abs/10.1080/13887890.2008.9748324,
Odonata,Enallagma basidens,univoltine,hemimetabolous,fresh water,Larvae,carnivorous,https://www.google.com/books/edition/Aquatic_Insects_in_the_Vicinity_of_the_B/h_5jDwAAQBAJ?hl=en&gbpv=1&dq=voltinism+Sympetrum&pg=PA68&printsec=frontcover,https://books.google.com/books?id=wOfsCAAAQBAJ&pg=PA676&lpg=PA676&dq=enallagma+diapause&source=bl&ots=9UTkqsRpKs&sig=ACfU3U3GawcHoApi4oImIqJpK3YyNfrRDg&hl=en&sa=X&ved=2ahUKEwi54c-T2NnpAhVvQt8KHcwLDvcQ6AEwBnoECAgQAQ#v=univoltinepage&q=enallagma%20diapause&f=false,
Odonata,Ischnura cervula,univoltine,hemimetabolous,fresh water,Larvae,carnivorous,https://www.tandfonline.com/doi/abs/10.1080/13887890.2008.9748324,https://www.google.com/books/edition/Aquatic_Insects_in_the_Vicinity_of_the_B/h_5jDwAAQBAJ?hl=en&gbpv=1&dq=voltinism+Sympetrum&pg=PA68&printsec=frontcover,
Odonata,Enallagma signatum,univoltine,hemimetabolous,fresh water,Larvae,carnivorous,https://www.google.com/books/edition/Aquatic_Insects_in_the_Vicinity_of_the_B/h_5jDwAAQBAJ?hl=en&gbpv=1&dq=voltinism+Sympetrum&pg=PA68&printsec=frontcover,https://books.google.com/books?id=wOfsCAAAQBAJ&pg=PA676&lpg=PA676&dq=enallagma+diapause&source=bl&ots=9UTkqsRpKs&sig=ACfU3U3GawcHoApi4oImIqJpK3YyNfrRDg&hl=en&sa=X&ved=2ahUKEwi54c-T2NnpAhVvQt8KHcwLDvcQ6AEwBnoECAgQAQ#v=univoltinepage&q=enallagma%20diapause&f=false,
Odonata,Tramea onusta,,hemimetabolous,fresh water,,carnivorous,http://www.migratorydragonflypartnership.org/index/identificationGuides,https://books.google.com/books?id=8aqMDwAAQBAJ&pg=PA567&lpg=PA567&dq=voltinism+Tramea&source=bl&ots=X3VS_KULlb&sig=ACfU3U02C3CrcVGBNdVIVWpRvc7NSMmC5g&hl=en&sa=X&ved=2ahUKEwjVspKH0sDpAhXpct8KHZ29AMkQ6AEwAHoECAoQAQ#v=univoltinepage&q=voltinism%20Tramea&f=false,
Odonata,Ischnura hastata,not univoltine,hemimetabolous,fresh water,Larvae,carnivorous,https://www.tandfonline.com/doi/abs/10.1080/13887890.2008.9748324,https://www.google.com/books/edition/Aquatic_Insects_in_the_Vicinity_of_the_B/h_5jDwAAQBAJ?hl=en&gbpv=1&dq=voltinism+Sympetrum&pg=PA68&printsec=frontcover,
Odonata,Pantala flavescens,not univoltine,hemimetabolous,fresh water,None,carnivorous,https://s3.amazonaws.com/academia.edu.documents/48583554/Voltinism_of_Odonata_a_review20160905-21345-1lsj6li.pdf?response-content-disposition=inline%3B%20filename%3DVoltinism_of_Odonata_a_review.pdf&X-Amz-Algorithm=AWS4-HMAC-SHA256&X-Amz-Credential=ASIATUSBJ6BAB75FHHGK%2F20200509%2Fus-east-1%2Fs3%2Faws4_request&X-Amz-Date=20200509T134319Z&X-Amz-Expires=3600&X-Amz-SignedHeaders=host&X-Amz-Security-Token=IQoJb3JpZ2luX2VjELP%2F%2F%2F%2F%2F%2F%2F%2F%2F%2FwEaCXVzLWVhc3QtMSJHMEUCIA3%2B4sbOFWoJrLXgZSY9c6uR53gsGnUwsmrCtS9rSU6TAiEAyubl4nyVT3s%2Fckb1Xywp4gCYOKe4HeaTxZff53pnaH0qvQMI7P%2F%2F%2F%2F%2F%2F%2F%2F%2F%2FARAAGgwyNTAzMTg4MTEyMDAiDHye2iRH%2BfNv1fN%2BHiqRA4gAjZxcs%2Bu3%2F%2Bv5lt8dTvHAe2giaHt5DaCaJSkLzag5V4WyabZ0h1kvsLWMFznUxjnH7DN7bfCfxWTIqvCmHIk3i%2Fz8sBPa5BxjDGLplFDj2TIZUwnsSgkvBlajGsuBbN06AaNTqnR%2B24EoB9f2Q6lxy%2B5zmuD57maEe2XSWzff05xMl9lUpBbi63jfBq5HcRjFWYSrLQ8nN3eSYXRr%2BIpIa9RO2Ni3%2B%2FaeNO6uFG%2Byb0bxGcmLIzJ9mbqFLCy1S%2B3BMTAXFD57GIBSpk4PSZLiC%2Fit8fBh8qxZYBCyMgIkokiIt%2BzzE3%2Fpf6cmf2ZAuNEoYDsfDH7rKVbvPeUn75U7KsYxCagWcdR8QMtpj1xQZLn1sC3wO53%2F3mGsHmWcDmLTt9mURqpPviyMDot90mqlYFp5R9HmtOjITzc8TFy6%2Bj2M24SKWKuthOiPJr8uoKP1TorMZoUWvhNPsF6YnMJUdpRmpj35n0ecwBKTZyl0qYRPauo6t7VHY27htgNSdMvZf3ksQ6V1XtsXQvSjTJAEMPWK2vUFOusBiVJe%2FSPNuNUyJ9YKyR8dhUu8vuCmvVXvuDnwUGNW%2By0pxrqG5WhSX71TEzyf8sJugYTjee5pmyBKKHDwbQ%2BUzLARIcjUF%2FWRlz7kjAYFrQVvTiyusZT39rlQ4CgDe%2BhGr1iZhJydndiBcVJAqeO6bhpu4xo8zQt1XPIN9e23gQ5DRGagZNILOIXe9U6k%2FpbBHWS7aTTbbG2bvlQTk26SlIJzjksCzLbX7B%2FNaug8FJYRwkWLTT4WTgL2IBYMOrm1xGWgYPHkAUgdMrTjkedndd%2F89KaSg%2B1hJkhlGk9iT0HuoW5oWLrfbA7ElA%3D%3D&X-Amz-Signature=92ec99aa9ba241485039bdf1fc4ce7073260bf618c77f617e7f80630ca57cbe9,https://www.jstor.org/stable/pdf/1467827.pdf?refreqid=excelsior%3A7083def44abde8bb025f5427f0692765,http://www.odonata.jp/00english/04topics/paddy_field/index.html
Odonata,Brachymesia gravida,not univoltine,hemimetabolous,fresh water,,carnivorous,https://www.journals.uchicago.edu/doi/pdfplus/10.2307/1468416?casa_token=1qxDM7g2mn0AAAAA%3A1f1TdGMQal2JKKBvC_aF0ffLsgQg1MM7wN8_mesf68q5FQqxddnRgC8-yciQqkWmSFgC8Bu7_Q&,,
Odonata,Lestes rectangularis,univoltine,hemimetabolous,fresh water,Egg,carnivorous,https://www.tandfonline.com/doi/full/10.1080/13887890.2018.1462263,https://s3.amazonaws.com/academia.edu.documents/48583554/Voltinism_of_Odonata_a_review20160905-21345-1lsj6li.pdf?response-content-disposition=inline%3B%20filename%3DVoltinism_of_Odonata_a_review.pdf&X-Amz-Algorithm=AWS4-HMAC-SHA256&X-Amz-Credential=ASIATUSBJ6BAB75FHHGK%2F20200509%2Fus-east-1%2Fs3%2Faws4_request&X-Amz-Date=20200509T134319Z&X-Amz-Expires=3600&X-Amz-SignedHeaders=host&X-Amz-Security-Token=IQoJb3JpZ2luX2VjELP%2F%2F%2F%2F%2F%2F%2F%2F%2F%2FwEaCXVzLWVhc3QtMSJHMEUCIA3%2B4sbOFWoJrLXgZSY9c6uR53gsGnUwsmrCtS9rSU6TAiEAyubl4nyVT3s%2Fckb1Xywp4gCYOKe4HeaTxZff53pnaH0qvQMI7P%2F%2F%2F%2F%2F%2F%2F%2F%2F%2FARAAGgwyNTAzMTg4MTEyMDAiDHye2iRH%2BfNv1fN%2BHiqRA4gAjZxcs%2Bu3%2F%2Bv5lt8dTvHAe2giaHt5DaCaJSkLzag5V4WyabZ0h1kvsLWMFznUxjnH7DN7bfCfxWTIqvCmHIk3i%2Fz8sBPa5BxjDGLplFDj2TIZUwnsSgkvBlajGsuBbN06AaNTqnR%2B24EoB9f2Q6lxy%2B5zmuD57maEe2XSWzff05xMl9lUpBbi63jfBq5HcRjFWYSrLQ8nN3eSYXRr%2BIpIa9RO2Ni3%2B%2FaeNO6uFG%2Byb0bxGcmLIzJ9mbqFLCy1S%2B3BMTAXFD57GIBSpk4PSZLiC%2Fit8fBh8qxZYBCyMgIkokiIt%2BzzE3%2Fpf6cmf2ZAuNEoYDsfDH7rKVbvPeUn75U7KsYxCagWcdR8QMtpj1xQZLn1sC3wO53%2F3mGsHmWcDmLTt9mURqpPviyMDot90mqlYFp5R9HmtOjITzc8TFy6%2Bj2M24SKWKuthOiPJr8uoKP1TorMZoUWvhNPsF6YnMJUdpRmpj35n0ecwBKTZyl0qYRPauo6t7VHY27htgNSdMvZf3ksQ6V1XtsXQvSjTJAEMPWK2vUFOusBiVJe%2FSPNuNUyJ9YKyR8dhUu8vuCmvVXvuDnwUGNW%2By0pxrqG5WhSX71TEzyf8sJugYTjee5pmyBKKHDwbQ%2BUzLARIcjUF%2FWRlz7kjAYFrQVvTiyusZT39rlQ4CgDe%2BhGr1iZhJydndiBcVJAqeO6bhpu4xo8zQt1XPIN9e23gQ5DRGagZNILOIXe9U6k%2FpbBHWS7aTTbbG2bvlQTk26SlIJzjksCzLbX7B%2FNaug8FJYRwkWLTT4WTgL2IBYMOrm1xGWgYPHkAUgdMrTjkedndd%2F89KaSg%2B1hJkhlGk9iT0HuoW5oWLrfbA7ElA%3D%3D&X-Amz-Signature=92ec99aa9ba241485039bdf1fc4ce7073260bf618c77f617e7f80630ca57cbe9,https://www.google.com/url?sa=t&rct=j&q=&esrc=s&source=web&cd=11&cad=rja&uact=8&ved=2ahUKEwjfop3P17vpAhUB16wKHQgLBZA4ChAWMAB6BAgBEAE&url=https%3A%2F%2Fbiologicalsurvey.ca%2Fassets%2Ffile%2F89&usg=AOvVaw2labgLyZEyR1cNWbqtVQW2
Odonata,Libellula quadrimaculata,univoltine,hemimetabolous,fresh water,Larvae,carnivorous,https://s3.amazonaws.com/academia.edu.documents/48583554/Voltinism_of_Odonata_a_review20160905-21345-1lsj6li.pdf?response-content-disposition=inline%3B%20filename%3DVoltinism_of_Odonata_a_review.pdf&X-Amz-Algorithm=AWS4-HMAC-SHA256&X-Amz-Credential=ASIATUSBJ6BAB75FHHGK%2F20200509%2Fus-east-1%2Fs3%2Faws4_request&X-Amz-Date=20200509T134319Z&X-Amz-Expires=3600&X-Amz-SignedHeaders=host&X-Amz-Security-Token=IQoJb3JpZ2luX2VjELP%2F%2F%2F%2F%2F%2F%2F%2F%2F%2FwEaCXVzLWVhc3QtMSJHMEUCIA3%2B4sbOFWoJrLXgZSY9c6uR53gsGnUwsmrCtS9rSU6TAiEAyubl4nyVT3s%2Fckb1Xywp4gCYOKe4HeaTxZff53pnaH0qvQMI7P%2F%2F%2F%2F%2F%2F%2F%2F%2F%2FARAAGgwyNTAzMTg4MTEyMDAiDHye2iRH%2BfNv1fN%2BHiqRA4gAjZxcs%2Bu3%2F%2Bv5lt8dTvHAe2giaHt5DaCaJSkLzag5V4WyabZ0h1kvsLWMFznUxjnH7DN7bfCfxWTIqvCmHIk3i%2Fz8sBPa5BxjDGLplFDj2TIZUwnsSgkvBlajGsuBbN06AaNTqnR%2B24EoB9f2Q6lxy%2B5zmuD57maEe2XSWzff05xMl9lUpBbi63jfBq5HcRjFWYSrLQ8nN3eSYXRr%2BIpIa9RO2Ni3%2B%2FaeNO6uFG%2Byb0bxGcmLIzJ9mbqFLCy1S%2B3BMTAXFD57GIBSpk4PSZLiC%2Fit8fBh8qxZYBCyMgIkokiIt%2BzzE3%2Fpf6cmf2ZAuNEoYDsfDH7rKVbvPeUn75U7KsYxCagWcdR8QMtpj1xQZLn1sC3wO53%2F3mGsHmWcDmLTt9mURqpPviyMDot90mqlYFp5R9HmtOjITzc8TFy6%2Bj2M24SKWKuthOiPJr8uoKP1TorMZoUWvhNPsF6YnMJUdpRmpj35n0ecwBKTZyl0qYRPauo6t7VHY27htgNSdMvZf3ksQ6V1XtsXQvSjTJAEMPWK2vUFOusBiVJe%2FSPNuNUyJ9YKyR8dhUu8vuCmvVXvuDnwUGNW%2By0pxrqG5WhSX71TEzyf8sJugYTjee5pmyBKKHDwbQ%2BUzLARIcjUF%2FWRlz7kjAYFrQVvTiyusZT39rlQ4CgDe%2BhGr1iZhJydndiBcVJAqeO6bhpu4xo8zQt1XPIN9e23gQ5DRGagZNILOIXe9U6k%2FpbBHWS7aTTbbG2bvlQTk26SlIJzjksCzLbX7B%2FNaug8FJYRwkWLTT4WTgL2IBYMOrm1xGWgYPHkAUgdMrTjkedndd%2F89KaSg%2B1hJkhlGk9iT0HuoW5oWLrfbA7ElA%3D%3D&X-Amz-Signature=92ec99aa9ba241485039bdf1fc4ce7073260bf618c77f617e7f80630ca57cbe9,https://link.springer.com/content/pdf/10.1007/s10841-012-9540-x.pdf,https://search.proquest.com/docview/305419798/previewPDF/56FE5B4A18E1479CPQ/1?accountid=10920
Odonata,Aeshna umbrosa,not univoltine,hemimetabolous,fresh water,Egg,carnivorous,Dragonflies through binoculars,https://s3.amazonaws.com/academia.edu.documents/48583554/Voltinism_of_Odonata_a_review20160905-21345-1lsj6li.pdf?response-content-disposition=inline%3B%20filename%3DVoltinism_of_Odonata_a_review.pdf&X-Amz-Algorithm=AWS4-HMAC-SHA256&X-Amz-Credential=ASIATUSBJ6BAB75FHHGK%2F20200509%2Fus-east-1%2Fs3%2Faws4_request&X-Amz-Date=20200509T134319Z&X-Amz-Expires=3600&X-Amz-SignedHeaders=host&X-Amz-Security-Token=IQoJb3JpZ2luX2VjELP%2F%2F%2F%2F%2F%2F%2F%2F%2F%2FwEaCXVzLWVhc3QtMSJHMEUCIA3%2B4sbOFWoJrLXgZSY9c6uR53gsGnUwsmrCtS9rSU6TAiEAyubl4nyVT3s%2Fckb1Xywp4gCYOKe4HeaTxZff53pnaH0qvQMI7P%2F%2F%2F%2F%2F%2F%2F%2F%2F%2FARAAGgwyNTAzMTg4MTEyMDAiDHye2iRH%2BfNv1fN%2BHiqRA4gAjZxcs%2Bu3%2F%2Bv5lt8dTvHAe2giaHt5DaCaJSkLzag5V4WyabZ0h1kvsLWMFznUxjnH7DN7bfCfxWTIqvCmHIk3i%2Fz8sBPa5BxjDGLplFDj2TIZUwnsSgkvBlajGsuBbN06AaNTqnR%2B24EoB9f2Q6lxy%2B5zmuD57maEe2XSWzff05xMl9lUpBbi63jfBq5HcRjFWYSrLQ8nN3eSYXRr%2BIpIa9RO2Ni3%2B%2FaeNO6uFG%2Byb0bxGcmLIzJ9mbqFLCy1S%2B3BMTAXFD57GIBSpk4PSZLiC%2Fit8fBh8qxZYBCyMgIkokiIt%2BzzE3%2Fpf6cmf2ZAuNEoYDsfDH7rKVbvPeUn75U7KsYxCagWcdR8QMtpj1xQZLn1sC3wO53%2F3mGsHmWcDmLTt9mURqpPviyMDot90mqlYFp5R9HmtOjITzc8TFy6%2Bj2M24SKWKuthOiPJr8uoKP1TorMZoUWvhNPsF6YnMJUdpRmpj35n0ecwBKTZyl0qYRPauo6t7VHY27htgNSdMvZf3ksQ6V1XtsXQvSjTJAEMPWK2vUFOusBiVJe%2FSPNuNUyJ9YKyR8dhUu8vuCmvVXvuDnwUGNW%2By0pxrqG5WhSX71TEzyf8sJugYTjee5pmyBKKHDwbQ%2BUzLARIcjUF%2FWRlz7kjAYFrQVvTiyusZT39rlQ4CgDe%2BhGr1iZhJydndiBcVJAqeO6bhpu4xo8zQt1XPIN9e23gQ5DRGagZNILOIXe9U6k%2FpbBHWS7aTTbbG2bvlQTk26SlIJzjksCzLbX7B%2FNaug8FJYRwkWLTT4WTgL2IBYMOrm1xGWgYPHkAUgdMrTjkedndd%2F89KaSg%2B1hJkhlGk9iT0HuoW5oWLrfbA7ElA%3D%3D&X-Amz-Signature=92ec99aa9ba241485039bdf1fc4ce7073260bf618c77f617e7f80630ca57cbe9,https://search.proquest.com/docview/305419798/previewPDF/56FE5B4A18E1479CPQ/1?accountid=10920
Odonata,Argia translata,univoltine,hemimetabolous,fresh water,Larvae,carnivorous,https://www.tandfonline.com/doi/abs/10.1080/13887890.2008.9748324,https://www.google.com/books/edition/Aquatic_Insects_in_the_Vicinity_of_the_B/h_5jDwAAQBAJ?hl=en&gbpv=1&dq=voltinism+Sympetrum&pg=PA68&printsec=frontcover,
Odonata,Libellula croceipennis,univoltine,hemimetabolous,fresh water,Larvae,carnivorous,https://search.proquest.com/docview/305419798/previewPDF/56FE5B4A18E1479CPQ/1?accountid=10920,,
Odonata,Enallagma exsulans,univoltine,hemimetabolous,fresh water,Larvae,carnivorous,https://www.google.com/books/edition/Aquatic_Insects_in_the_Vicinity_of_the_B/h_5jDwAAQBAJ?hl=en&gbpv=1&dq=voltinism+Sympetrum&pg=PA68&printsec=frontcover,https://www.researchgate.net/publication/260140343_The_Larval_Odonata_of_Ponds_in_the_Prairie_Region_of_Missouri,
Odonata,Rhionaeschna multicolor,not univoltine,hemimetabolous,fresh water,Larvae,carnivorous,http://www.odonatologica.com/wp-content/uploads/2019/06/Notulae-9-3-Abstracts.pdf,https://www.google.com/books/edition/Aquatic_Insects_in_the_Vicinity_of_the_B/h_5jDwAAQBAJ?hl=en&gbpv=1&dq=voltinism+Sympetrum&pg=PA68&printsec=frontcover,
Odonata,Enallagma geminatum,univoltine,hemimetabolous,fresh water,Larvae,carnivorous,https://www.google.com/books/edition/Aquatic_Insects_in_the_Vicinity_of_the_B/h_5jDwAAQBAJ?hl=en&gbpv=1&dq=voltinism+Sympetrum&pg=PA68&printsec=frontcover,https://www.researchgate.net/publication/260140343_The_Larval_Odonata_of_Ponds_in_the_Prairie_Region_of_Missouri,
Odonata,Erythrodiplax umbrata,not univoltine,hemimetabolous,fresh water,Adults,carnivorous,http://www.migratorydragonflypartnership.org/index/identificationGuides,https://www.journals.uchicago.edu/doi/pdfplus/10.2307/1468416?casa_token=1qxDM7g2mn0AAAAA%3A1f1TdGMQal2JKKBvC_aF0ffLsgQg1MM7wN8_mesf68q5FQqxddnRgC8-yciQqkWmSFgC8Bu7_Q&,https://link.springer.com/content/pdf/10.1007/s10841-012-9540-x.pdf
Odonata,Libellula needhami,univoltine,hemimetabolous,fresh water,Larvae,carnivorous,https://search.proquest.com/docview/305419798/previewPDF/56FE5B4A18E1479CPQ/1?accountid=10920,,
Odonata,Sympetrum obtrusum,univoltine,hemimetabolous,fresh water,Egg,carnivorous,https://link.springer.com/content/pdf/10.1007/s10841-012-9540-x.pdf,https://pdfs.semanticscholar.org/b14b/aea760814e1ae9fe0701644f0dcb814e2048.pdf,https://search.proquest.com/docview/305419798?pq-origsite=gscholar
Odonata,Sympetrum illotum,univoltine,hemimetabolous,fresh water,Egg,carnivorous,https://link.springer.com/content/pdf/10.1007/s10841-012-9540-x.pdf,https://www.google.com/url?sa=t&rct=j&q=&esrc=s&source=web&cd=11&cad=rja&uact=8&ved=2ahUKEwjfop3P17vpAhUB16wKHQgLBZA4ChAWMAB6BAgBEAE&url=https%3A%2F%2Fbiologicalsurvey.ca%2Fassets%2Ffile%2F89&usg=AOvVaw2labgLyZEyR1cNWbqtVQW2,https://www.sciencedirect.com/topics/agricultural-and-biological-sciences/voltinism
Odonata,Sympetrum semicinctum,univoltine,hemimetabolous,fresh water,Egg,carnivorous,https://www.google.com/url?sa=t&rct=j&q=&esrc=s&source=web&cd=11&cad=rja&uact=8&ved=2ahUKEwjfop3P17vpAhUB16wKHQgLBZA4ChAWMAB6BAgBEAE&url=https%3A%2F%2Fbiologicalsurvey.ca%2Fassets%2Ffile%2F89&usg=AOvVaw2labgLyZEyR1cNWbqtVQW2,https://search.proquest.com/docview/305419798?pq-origsite=gscholar,
Odonata,Archilestes grandis,univoltine,hemimetabolous,fresh water,Egg,carnivorous,https://www.tandfonline.com/doi/abs/10.1080/13887890.2008.9748324,https://www.google.com/books/edition/Aquatic_Insects_in_the_Vicinity_of_the_B/h_5jDwAAQBAJ?hl=en&gbpv=1&dq=voltinism+Sympetrum&pg=PA68&printsec=frontcover,
Odonata,Dythemis velox,univoltine,hemimetabolous,fresh water,,carnivorous,https://books.google.com/books?id=8aqMDwAAQBAJ&pg=PA457&lpg=PA457&dq=Dythemis+generation+time&source=bl&ots=X3VRWNWKpj&sig=ACfU3U3VUvglY5dGR5v2e85GChwpUOBjhQ&hl=en&sa=X&ved=2ahUKEwjm2IjV6ZjpAhVNnq0KHQukDZ4Q6AEwCXoECAsQAQ#v=univoltinepage&q=Dythemis%20generation%20time&f=false,,
Odonata,Enallagma aspersum,univoltine,hemimetabolous,fresh water,Larvae,carnivorous,https://s3.amazonaws.com/academia.edu.documents/48583554/Voltinism_of_Odonata_a_review20160905-21345-1lsj6li.pdf?response-content-disposition=inline%3B%20filename%3DVoltinism_of_Odonata_a_review.pdf&X-Amz-Algorithm=AWS4-HMAC-SHA256&X-Amz-Credential=ASIATUSBJ6BAB75FHHGK%2F20200509%2Fus-east-1%2Fs3%2Faws4_request&X-Amz-Date=20200509T134319Z&X-Amz-Expires=3600&X-Amz-SignedHeaders=host&X-Amz-Security-Token=IQoJb3JpZ2luX2VjELP%2F%2F%2F%2F%2F%2F%2F%2F%2F%2FwEaCXVzLWVhc3QtMSJHMEUCIA3%2B4sbOFWoJrLXgZSY9c6uR53gsGnUwsmrCtS9rSU6TAiEAyubl4nyVT3s%2Fckb1Xywp4gCYOKe4HeaTxZff53pnaH0qvQMI7P%2F%2F%2F%2F%2F%2F%2F%2F%2F%2FARAAGgwyNTAzMTg4MTEyMDAiDHye2iRH%2BfNv1fN%2BHiqRA4gAjZxcs%2Bu3%2F%2Bv5lt8dTvHAe2giaHt5DaCaJSkLzag5V4WyabZ0h1kvsLWMFznUxjnH7DN7bfCfxWTIqvCmHIk3i%2Fz8sBPa5BxjDGLplFDj2TIZUwnsSgkvBlajGsuBbN06AaNTqnR%2B24EoB9f2Q6lxy%2B5zmuD57maEe2XSWzff05xMl9lUpBbi63jfBq5HcRjFWYSrLQ8nN3eSYXRr%2BIpIa9RO2Ni3%2B%2FaeNO6uFG%2Byb0bxGcmLIzJ9mbqFLCy1S%2B3BMTAXFD57GIBSpk4PSZLiC%2Fit8fBh8qxZYBCyMgIkokiIt%2BzzE3%2Fpf6cmf2ZAuNEoYDsfDH7rKVbvPeUn75U7KsYxCagWcdR8QMtpj1xQZLn1sC3wO53%2F3mGsHmWcDmLTt9mURqpPviyMDot90mqlYFp5R9HmtOjITzc8TFy6%2Bj2M24SKWKuthOiPJr8uoKP1TorMZoUWvhNPsF6YnMJUdpRmpj35n0ecwBKTZyl0qYRPauo6t7VHY27htgNSdMvZf3ksQ6V1XtsXQvSjTJAEMPWK2vUFOusBiVJe%2FSPNuNUyJ9YKyR8dhUu8vuCmvVXvuDnwUGNW%2By0pxrqG5WhSX71TEzyf8sJugYTjee5pmyBKKHDwbQ%2BUzLARIcjUF%2FWRlz7kjAYFrQVvTiyusZT39rlQ4CgDe%2BhGr1iZhJydndiBcVJAqeO6bhpu4xo8zQt1XPIN9e23gQ5DRGagZNILOIXe9U6k%2FpbBHWS7aTTbbG2bvlQTk26SlIJzjksCzLbX7B%2FNaug8FJYRwkWLTT4WTgL2IBYMOrm1xGWgYPHkAUgdMrTjkedndd%2F89KaSg%2B1hJkhlGk9iT0HuoW5oWLrfbA7ElA%3D%3D&X-Amz-Signature=92ec99aa9ba241485039bdf1fc4ce7073260bf618c77f617e7f80630ca57cbe9,https://www.researchgate.net/publication/260140343_The_Larval_Odonata_of_Ponds_in_the_Prairie_Region_of_Missouri,
Odonata,Argia immunda,not univoltine,hemimetabolous,fresh water,Larvae,carnivorous,https://www.tandfonline.com/doi/abs/10.1080/13887890.2008.9748324,https://www.journals.uchicago.edu/doi/pdfplus/10.2307/1468416?casa_token=1qxDM7g2mn0AAAAA%3A1f1TdGMQal2JKKBvC_aF0ffLsgQg1MM7wN8_mesf68q5FQqxddnRgC8-yciQqkWmSFgC8Bu7_Q&,
Odonata,Erythrodiplax berenice,not univoltine,hemimetabolous,fresh water,Larvae,carnivorous,https://s3.amazonaws.com/academia.edu.documents/48583554/Voltinism_of_Odonata_a_review20160905-21345-1lsj6li.pdf?response-content-disposition=inline%3B%20filename%3DVoltinism_of_Odonata_a_review.pdf&X-Amz-Algorithm=AWS4-HMAC-SHA256&X-Amz-Credential=ASIATUSBJ6BAB75FHHGK%2F20200509%2Fus-east-1%2Fs3%2Faws4_request&X-Amz-Date=20200509T134319Z&X-Amz-Expires=3600&X-Amz-SignedHeaders=host&X-Amz-Security-Token=IQoJb3JpZ2luX2VjELP%2F%2F%2F%2F%2F%2F%2F%2F%2F%2FwEaCXVzLWVhc3QtMSJHMEUCIA3%2B4sbOFWoJrLXgZSY9c6uR53gsGnUwsmrCtS9rSU6TAiEAyubl4nyVT3s%2Fckb1Xywp4gCYOKe4HeaTxZff53pnaH0qvQMI7P%2F%2F%2F%2F%2F%2F%2F%2F%2F%2FARAAGgwyNTAzMTg4MTEyMDAiDHye2iRH%2BfNv1fN%2BHiqRA4gAjZxcs%2Bu3%2F%2Bv5lt8dTvHAe2giaHt5DaCaJSkLzag5V4WyabZ0h1kvsLWMFznUxjnH7DN7bfCfxWTIqvCmHIk3i%2Fz8sBPa5BxjDGLplFDj2TIZUwnsSgkvBlajGsuBbN06AaNTqnR%2B24EoB9f2Q6lxy%2B5zmuD57maEe2XSWzff05xMl9lUpBbi63jfBq5HcRjFWYSrLQ8nN3eSYXRr%2BIpIa9RO2Ni3%2B%2FaeNO6uFG%2Byb0bxGcmLIzJ9mbqFLCy1S%2B3BMTAXFD57GIBSpk4PSZLiC%2Fit8fBh8qxZYBCyMgIkokiIt%2BzzE3%2Fpf6cmf2ZAuNEoYDsfDH7rKVbvPeUn75U7KsYxCagWcdR8QMtpj1xQZLn1sC3wO53%2F3mGsHmWcDmLTt9mURqpPviyMDot90mqlYFp5R9HmtOjITzc8TFy6%2Bj2M24SKWKuthOiPJr8uoKP1TorMZoUWvhNPsF6YnMJUdpRmpj35n0ecwBKTZyl0qYRPauo6t7VHY27htgNSdMvZf3ksQ6V1XtsXQvSjTJAEMPWK2vUFOusBiVJe%2FSPNuNUyJ9YKyR8dhUu8vuCmvVXvuDnwUGNW%2By0pxrqG5WhSX71TEzyf8sJugYTjee5pmyBKKHDwbQ%2BUzLARIcjUF%2FWRlz7kjAYFrQVvTiyusZT39rlQ4CgDe%2BhGr1iZhJydndiBcVJAqeO6bhpu4xo8zQt1XPIN9e23gQ5DRGagZNILOIXe9U6k%2FpbBHWS7aTTbbG2bvlQTk26SlIJzjksCzLbX7B%2FNaug8FJYRwkWLTT4WTgL2IBYMOrm1xGWgYPHkAUgdMrTjkedndd%2F89KaSg%2B1hJkhlGk9iT0HuoW5oWLrfbA7ElA%3D%3D&X-Amz-Signature=92ec99aa9ba241485039bdf1fc4ce7073260bf618c77f617e7f80630ca57cbe9,https://scholars.unh.edu/cgi/viewcontent.cgi?article=2167&=&context=dissertation&=&sei-redir=1&referer=https%253A%252F%252Fscholar.google.com%252Fscholar%253Fhl%253Den%2526as_sdt%253D0%25252C10%2526q%253DECOLOGY%252BOF%252BTWO%252BTIDAL%252BMARSH%252BINSECTS%25252C%252BTRICHOCORIXA%252BVERTICALIS%252B%252528HEMIPTERA%252529%252BAND%252BERYTHRODIPLAX%252BBERENICE%252B%252528ODONATA%252529%25252C%252BIN%252BNEW%252BHAMPSHIRE%2526btnG%253D#search=%22ECOLOGY%20TWO%20TIDAL%20MARSH%20INSECTS%2C%20TRICHOCORIXA%20VERTICALIS%20%28HEMIPTERA%29%20ERYTHRODIPLAX%20BERENICE%20%28ODONATA%29%2C%20NEW%20HAMPSHIRE%22,
Odonata,Epiaeschna heros,,hemimetabolous,fresh water,Larvae,carnivorous,http://www.migratorydragonflypartnership.org/index/identificationGuides,http://aquaticinsects.org/Keys/Odonata/id_oom_aeshnidae_epiaeschna.html,
Odonata,Telebasis salva,not univoltine,hemimetabolous,fresh water,Larvae,carnivorous,https://www.researchgate.net/publication/268432250_Secondary_Production_by_Telebasis_salva_Odonata_in_a_Thermally_Constant_Aquatic_Ecosystem_Authors_Clay/figures?lo=1,,
Odonata,Tramea carolina,univoltine,hemimetabolous,fresh water,Larvae,carnivorous,http://www.migratorydragonflypartnership.org/index/identificationGuides,https://books.google.com/books?id=8aqMDwAAQBAJ&pg=PA567&lpg=PA567&dq=voltinism+Tramea&source=bl&ots=X3VS_KULlb&sig=ACfU3U02C3CrcVGBNdVIVWpRvc7NSMmC5g&hl=en&sa=X&ved=2ahUKEwjVspKH0sDpAhXpct8KHZ29AMkQ6AEwAHoECAoQAQ#v=univoltinepage&q=voltinism%20Tramea&f=false,https://search.proquest.com/docview/305419798?pq-origsite=gscholar
Odonata,Lestes congener,univoltine,hemimetabolous,fresh water,Egg,carnivorous,https://s3.amazonaws.com/academia.edu.documents/48583554/Voltinism_of_Odonata_a_review20160905-21345-1lsj6li.pdf?response-content-disposition=inline%3B%20filename%3DVoltinism_of_Odonata_a_review.pdf&X-Amz-Algorithm=AWS4-HMAC-SHA256&X-Amz-Credential=ASIATUSBJ6BAB75FHHGK%2F20200509%2Fus-east-1%2Fs3%2Faws4_request&X-Amz-Date=20200509T134319Z&X-Amz-Expires=3600&X-Amz-SignedHeaders=host&X-Amz-Security-Token=IQoJb3JpZ2luX2VjELP%2F%2F%2F%2F%2F%2F%2F%2F%2F%2FwEaCXVzLWVhc3QtMSJHMEUCIA3%2B4sbOFWoJrLXgZSY9c6uR53gsGnUwsmrCtS9rSU6TAiEAyubl4nyVT3s%2Fckb1Xywp4gCYOKe4HeaTxZff53pnaH0qvQMI7P%2F%2F%2F%2F%2F%2F%2F%2F%2F%2FARAAGgwyNTAzMTg4MTEyMDAiDHye2iRH%2BfNv1fN%2BHiqRA4gAjZxcs%2Bu3%2F%2Bv5lt8dTvHAe2giaHt5DaCaJSkLzag5V4WyabZ0h1kvsLWMFznUxjnH7DN7bfCfxWTIqvCmHIk3i%2Fz8sBPa5BxjDGLplFDj2TIZUwnsSgkvBlajGsuBbN06AaNTqnR%2B24EoB9f2Q6lxy%2B5zmuD57maEe2XSWzff05xMl9lUpBbi63jfBq5HcRjFWYSrLQ8nN3eSYXRr%2BIpIa9RO2Ni3%2B%2FaeNO6uFG%2Byb0bxGcmLIzJ9mbqFLCy1S%2B3BMTAXFD57GIBSpk4PSZLiC%2Fit8fBh8qxZYBCyMgIkokiIt%2BzzE3%2Fpf6cmf2ZAuNEoYDsfDH7rKVbvPeUn75U7KsYxCagWcdR8QMtpj1xQZLn1sC3wO53%2F3mGsHmWcDmLTt9mURqpPviyMDot90mqlYFp5R9HmtOjITzc8TFy6%2Bj2M24SKWKuthOiPJr8uoKP1TorMZoUWvhNPsF6YnMJUdpRmpj35n0ecwBKTZyl0qYRPauo6t7VHY27htgNSdMvZf3ksQ6V1XtsXQvSjTJAEMPWK2vUFOusBiVJe%2FSPNuNUyJ9YKyR8dhUu8vuCmvVXvuDnwUGNW%2By0pxrqG5WhSX71TEzyf8sJugYTjee5pmyBKKHDwbQ%2BUzLARIcjUF%2FWRlz7kjAYFrQVvTiyusZT39rlQ4CgDe%2BhGr1iZhJydndiBcVJAqeO6bhpu4xo8zQt1XPIN9e23gQ5DRGagZNILOIXe9U6k%2FpbBHWS7aTTbbG2bvlQTk26SlIJzjksCzLbX7B%2FNaug8FJYRwkWLTT4WTgL2IBYMOrm1xGWgYPHkAUgdMrTjkedndd%2F89KaSg%2B1hJkhlGk9iT0HuoW5oWLrfbA7ElA%3D%3D&X-Amz-Signature=92ec99aa9ba241485039bdf1fc4ce7073260bf618c77f617e7f80630ca57cbe9,https://www.google.com/url?sa=t&rct=j&q=&esrc=s&source=web&cd=11&cad=rja&uact=8&ved=2ahUKEwjfop3P17vpAhUB16wKHQgLBZA4ChAWMAB6BAgBEAE&url=https%3A%2F%2Fbiologicalsurvey.ca%2Fassets%2Ffile%2F89&usg=AOvVaw2labgLyZEyR1cNWbqtVQW2,
Odonata,Aeshna canadensis,not univoltine,hemimetabolous,fresh water,Larvae,carnivorous,Dragonflies through binoculars,https://www.google.com/books/edition/Aquatic_Insects_in_the_Vicinity_of_the_B/h_5jDwAAQBAJ?hl=en&gbpv=1&dq=voltinism+Sympetrum&pg=PA68&printsec=frontcover,https://search.proquest.com/docview/305419798/previewPDF/56FE5B4A18E1479CPQ/1?accountid=10920
Odonata,Libellula cyanea,univoltine,hemimetabolous,fresh water,Larvae,carnivorous,https://search.proquest.com/docview/305419798/previewPDF/56FE5B4A18E1479CPQ/1?accountid=10920,,
Odonata,Libellula semifasciata,univoltine,hemimetabolous,fresh water,Larvae,carnivorous,http://www.migratorydragonflypartnership.org/index/identificationGuides,https://search.proquest.com/docview/305419798/previewPDF/56FE5B4A18E1479CPQ/1?accountid=10920,
Odonata,Sympetrum ambiguum,univoltine,hemimetabolous,fresh water,Egg,carnivorous,https://link.springer.com/content/pdf/10.1007/s10841-012-9540-x.pdf,https://www.google.com/url?sa=t&rct=j&q=&esrc=s&source=web&cd=11&cad=rja&uact=8&ved=2ahUKEwjfop3P17vpAhUB16wKHQgLBZA4ChAWMAB6BAgBEAE&url=https%3A%2F%2Fbiologicalsurvey.ca%2Fassets%2Ffile%2F89&usg=AOvVaw2labgLyZEyR1cNWbqtVQW2,https://search.proquest.com/docview/305419798?pq-origsite=gscholar
Odonata,Libellula forensis,univoltine,hemimetabolous,fresh water,Larvae,carnivorous,https://www.google.com/books/edition/Aquatic_Insects_in_the_Vicinity_of_the_B/h_5jDwAAQBAJ?hl=en&gbpv=1&dq=voltinism+Sympetrum&pg=PA68&printsec=frontcover,https://search.proquest.com/docview/305419798/previewPDF/56FE5B4A18E1479CPQ/1?accountid=10920,
Odonata,Argia plana,not univoltine,hemimetabolous,fresh water,Larvae,carnivorous,https://www.tandfonline.com/doi/abs/10.1080/13887890.2008.9748324,https://www.journals.uchicago.edu/doi/pdfplus/10.2307/1468416?casa_token=1qxDM7g2mn0AAAAA%3A1f1TdGMQal2JKKBvC_aF0ffLsgQg1MM7wN8_mesf68q5FQqxddnRgC8-yciQqkWmSFgC8Bu7_Q&,
Odonata,Enallagma carunculatum,not univoltine,hemimetabolous,fresh water,Larvae,carnivorous,https://s3.amazonaws.com/academia.edu.documents/48583554/Voltinism_of_Odonata_a_review20160905-21345-1lsj6li.pdf?response-content-disposition=inline%3B%20filename%3DVoltinism_of_Odonata_a_review.pdf&X-Amz-Algorithm=AWS4-HMAC-SHA256&X-Amz-Credential=ASIATUSBJ6BAB75FHHGK%2F20200509%2Fus-east-1%2Fs3%2Faws4_request&X-Amz-Date=20200509T134319Z&X-Amz-Expires=3600&X-Amz-SignedHeaders=host&X-Amz-Security-Token=IQoJb3JpZ2luX2VjELP%2F%2F%2F%2F%2F%2F%2F%2F%2F%2FwEaCXVzLWVhc3QtMSJHMEUCIA3%2B4sbOFWoJrLXgZSY9c6uR53gsGnUwsmrCtS9rSU6TAiEAyubl4nyVT3s%2Fckb1Xywp4gCYOKe4HeaTxZff53pnaH0qvQMI7P%2F%2F%2F%2F%2F%2F%2F%2F%2F%2FARAAGgwyNTAzMTg4MTEyMDAiDHye2iRH%2BfNv1fN%2BHiqRA4gAjZxcs%2Bu3%2F%2Bv5lt8dTvHAe2giaHt5DaCaJSkLzag5V4WyabZ0h1kvsLWMFznUxjnH7DN7bfCfxWTIqvCmHIk3i%2Fz8sBPa5BxjDGLplFDj2TIZUwnsSgkvBlajGsuBbN06AaNTqnR%2B24EoB9f2Q6lxy%2B5zmuD57maEe2XSWzff05xMl9lUpBbi63jfBq5HcRjFWYSrLQ8nN3eSYXRr%2BIpIa9RO2Ni3%2B%2FaeNO6uFG%2Byb0bxGcmLIzJ9mbqFLCy1S%2B3BMTAXFD57GIBSpk4PSZLiC%2Fit8fBh8qxZYBCyMgIkokiIt%2BzzE3%2Fpf6cmf2ZAuNEoYDsfDH7rKVbvPeUn75U7KsYxCagWcdR8QMtpj1xQZLn1sC3wO53%2F3mGsHmWcDmLTt9mURqpPviyMDot90mqlYFp5R9HmtOjITzc8TFy6%2Bj2M24SKWKuthOiPJr8uoKP1TorMZoUWvhNPsF6YnMJUdpRmpj35n0ecwBKTZyl0qYRPauo6t7VHY27htgNSdMvZf3ksQ6V1XtsXQvSjTJAEMPWK2vUFOusBiVJe%2FSPNuNUyJ9YKyR8dhUu8vuCmvVXvuDnwUGNW%2By0pxrqG5WhSX71TEzyf8sJugYTjee5pmyBKKHDwbQ%2BUzLARIcjUF%2FWRlz7kjAYFrQVvTiyusZT39rlQ4CgDe%2BhGr1iZhJydndiBcVJAqeO6bhpu4xo8zQt1XPIN9e23gQ5DRGagZNILOIXe9U6k%2FpbBHWS7aTTbbG2bvlQTk26SlIJzjksCzLbX7B%2FNaug8FJYRwkWLTT4WTgL2IBYMOrm1xGWgYPHkAUgdMrTjkedndd%2F89KaSg%2B1hJkhlGk9iT0HuoW5oWLrfbA7ElA%3D%3D&X-Amz-Signature=92ec99aa9ba241485039bdf1fc4ce7073260bf618c77f617e7f80630ca57cbe9,https://www.researchgate.net/publication/260140343_The_Larval_Odonata_of_Ponds_in_the_Prairie_Region_of_Missouri,
Odonata,Erythemis vesiculosa,not univoltine,hemimetabolous,fresh water,Larvae,carnivorous,http://www.migratorydragonflypartnership.org/index/identificationGuides,https://www.researchgate.net/publication/260140343_The_Larval_Odonata_of_Ponds_in_the_Prairie_Region_of_Missouri,
Odonata,Hetaerina titia,univoltine,hemimetabolous,fresh water,,carnivorous,,,
Odonata,Dythemis nigrescens,not univoltine,hemimetabolous,fresh water,,carnivorous,,,
Odonata,Brachymesia furcata,not univoltine,hemimetabolous,fresh water,,carnivorous,https://www.journals.uchicago.edu/doi/pdfplus/10.2307/1468416?casa_token=1qxDM7g2mn0AAAAA%3A1f1TdGMQal2JKKBvC_aF0ffLsgQg1MM7wN8_mesf68q5FQqxddnRgC8-yciQqkWmSFgC8Bu7_Q&,,
Hemiptera,Neotibicen superbus,univoltine,hemimetabolous,underground,Egg,live plants,,,
Hemiptera,Megatibicen resh,univoltine,hemimetabolous,underground,Egg,live plants,,,
Diptera,Toxomerus marginatus,not univoltine,holometabolous,,,carnivorous,Man. Nearctic Diptera Vol. 2,,
Diptera,Toxomerus geminatus,not univoltine,holometabolous,,,carnivorous,Man. Nearctic Diptera Vol. 2,,
Diptera,Eristalis transversa,,holometabolous,,,,,,
Diptera,Allograpta obliqua,,holometabolous,,,carnivorous,Man. Nearctic Diptera Vol. 2,,
Diptera,Eristalis tenax,,holometabolous,,,,,,
Diptera,Delphinia picta,not univoltine,holometabolous,above ground,Larvae,detritivorous,,,
Diptera,Xenox tigrinus,,holometabolous,nest,,carnivorous,,,
Diptera,Plecia nearctica,not univoltine,holometabolous,above ground,None,detritivorous,https://link.springer.com/referenceworkentry/10.1007%2F978-1-4020-6359-6_2099,,
Diptera,Asphondylia auripila,,holometabolous,above ground,,,,,
Diptera,Chrysopilus thoracicus,,holometabolous,,,,,,
Diptera,Promachus hinei,,holometabolous,,,,,,
Hymenoptera,Bombus impatiens,not univoltine,holometabolous,nest,Adults,live plants,"Katayama 1973, 1975; Michener 1974; Alford 1975",,
Hymenoptera,Xylocopa virginica,not univoltine,holometabolous,above ground,Adults,live plants,https://bugguide.net/node/view/3509#life_cycle,,
Hymenoptera,Bombus griseocollis,not univoltine,holometabolous,nest,Adults,live plants,,,
Hymenoptera,Bombus pensylvanicus,not univoltine,holometabolous,nest,Adults,live plants,,,
Hymenoptera,Polistes fuscatus,not univoltine,holometabolous,nest,Adults,carnivorous,https://uwm.edu/field-station/a-tale-of-two-paper-wasps/,,
Hymenoptera,Dolichovespula maculata,,,,,,,,
Hymenoptera,Polistes dominula,,,,,,,,
Hymenoptera,Bombus ternarius,not univoltine,holometabolous,nest,Adults,live plants,,,
Hymenoptera,Polistes exclamans,,,,,,,,
Hymenoptera,Bombus bimaculatus,not univoltine,holometabolous,nest,Adults,live plants,,,
Hymenoptera,Sphex ichneumunivoltineus,,,,,,,,
Hymenoptera,Sphecius speciosus,,,,,,,,
Hymenoptera,Halictus ligatus,not univoltine,holometabolous,underground,Adults,live plants,https://www.jstor.org/stable/25084939?seq=1#metadata_info_tab_contents,,
Hymenoptera,Bombus melanopygus,not univoltine,holometabolous,nest,Adults,live plants,,,
Hymenoptera,Vespula maculifrons,,,,,,,,
Hymenoptera,Dasymutilla occidentalis,univoltine,holometabolous,nest,Pupae,carnivorous,https://bugguide.net/node/view/13126,http://www.wci.colostate.edu/Assets/pdf/CIIFactSheets/VelvetAnts.pdf,
Hymenoptera,Monobia quadridens,not univoltine,holometabolous,above ground,Pupae,carnivorous,https://en.wikipedia.org/wiki/Monobia_quadridens,,
Hymenoptera,Scolia dubia,,,,,,,,
Hymenoptera,Bombus sonorus,not univoltine,holometabolous,nest,Adults,live plants,https://www.scielo.br/scielo.php?pid=S1519-566X2006000500004&script=sci_arttext,,
Hymenoptera,Polistes metricus,,,,,,,,
Hymenoptera,Eumenes fraternus,,,,,,,,
Hymenoptera,Augochlora pura,not univoltine,holometabolous,above ground,Adults,live plants,,,
Hymenoptera,Xylocopa micans,not univoltine,holometabolous,above ground,Adults,live plants,,,
Hymenoptera,Vespula squamosa,,,,,,,,
Hymenoptera,Xylocopa tabaniformis,not univoltine,holometabolous,above ground,Adults,live plants,https://digitalcommons.usu.edu/cgi/viewcontent.cgi?referer=https://www.google.com/&httpsredir=1&article=1869&context=extension_curall,,
Hymenoptera,Vespula pensylvanica,,,,,,,,
Hymenoptera,Vespa crabro,,,,,,,,
Hymenoptera,Agapostemon virescens,univoltine,holometabolous,underground,Adults,live plants,,,
Hymenoptera,Xylocopa varipuncta,not univoltine,holometabolous,above ground,Adults,live plants,,,
Hymenoptera,Sphex pensylvanicus,,,,,,,,
Hymenoptera,Bombus huntii,not univoltine,holometabolous,nest,Adults,live plants,,,
Hymenoptera,Bombus fervidus,not univoltine,holometabolous,nest,Adults,live plants,bugguide,,
Hymenoptera,Bombus borealis,not univoltine,holometabolous,nest,Adults,live plants,https://guides.nynhp.org/northern-amber-bumble-bee/,,
Coleoptera,Diabrotica undecimpunctata,not univoltine,holometabolous,underground,Adults,live plants,,,
Coleoptera,Popillia japonica,univoltine,holometabolous,underground,Larvae,live plants,,,
Coleoptera,Cicindela sexguttata,univoltine,holometabolous,underground,Larvae,carnivorous,,,
Coleoptera,Tetraopes tetrophthalmus,univoltine,holometabolous,underground,Larvae,live plants,,,
Coleoptera,Chauliognathus pensylvanicus,univoltine,holometabolous,above ground,Larvae,carnivorous,,,
Coleoptera,Monochamus scutellatus,not univoltine,holometabolous,above ground,Larvae,live plants,,,
Coleoptera,Chauliognathus marginatus,,holometabolous,above ground,Larvae,carnivorous,,,
Coleoptera,Ellychnia corrusca,not univoltine,holometabolous,above ground,Adults,carnivorous,,,
Coleoptera,Pelidnota punctata,univoltine,holometabolous,above ground,Larvae,detritivorous,,,
Coleoptera,Exomala orientalis,univoltine,holometabolous,underground,Larvae,live plants,,,
Coleoptera,Chrysochus auratus,univoltine,holometabolous,underground,Larvae,live plants,,,
Coleoptera,Megacyllene robiniae,univoltine,holometabolous,above ground,Larvae,live plants,,,
Coleoptera,Photinus pyralis,not univoltine,holometabolous,above ground,Larvae,carnivorous,"National Audubon Society Field Guide to Insects and Spiders
 
 Lorus and Margery Milne. 1980. Knopf",,
Lepidoptera,Danaus plexippus,not univoltine,holometabolous,above ground,Migrate,live plants,,,
Lepidoptera,Vanessa cardui,not univoltine,holometabolous,above ground,Migrate,live plants,,,
Lepidoptera,Junonia coenia,not univoltine,holometabolous,above ground,Migrate,live plants,,,
Lepidoptera,Papilio glaucus,not univoltine,holometabolous,above ground,Pupae,live plants,,,
Lepidoptera,Agraulis vanillae,not univoltine,holometabolous,above ground,Migrate,live plants,,,
Lepidoptera,Vanessa atalanta,not univoltine,holometabolous,above ground,Migrate,live plants,,,
Lepidoptera,Papilio polyxenes,not univoltine,holometabolous,above ground,Pupae,live plants,,,
Lepidoptera,Limenitis arthemis,not univoltine,holometabolous,above ground,Larvae,live plants,,,
Lepidoptera,Pieris rapae,not univoltine,holometabolous,above ground,Pupae,live plants,,,
Lepidoptera,Hylephila phyleus,not univoltine,holometabolous,above ground,Pupae,live plants,https://www.butterfliesandmoths.org/species/Hylephila-phyleus,,
Lepidoptera,Phyciodes tharos,not univoltine,holometabolous,above ground,Pupae,live plants,https://www.butterfliesandmoths.org/species/Phyciodes-tharos,,
Lepidoptera,Battus philenor,not univoltine,holometabolous,above ground,Pupae,live plants,,,
Lepidoptera,Strymon melinus,not univoltine,holometabolous,above ground,Pupae,live plants,https://www.butterfliesandmoths.org/species/Strymon-melinus,,
Lepidoptera,Epargyreus clarus,not univoltine,holometabolous,above ground,Pupae,live plants,,,
Lepidoptera,Danaus gilippus,not univoltine,holometabolous,above ground,Migrate,live plants,,,
Lepidoptera,Hyles lineata,not univoltine,holometabolous,above ground,Larvae,live plants,,,
Lepidoptera,Vanessa virginiensis,not univoltine,holometabolous,above ground,Migrate,live plants,,,
Lepidoptera,Atteva aurea,not univoltine,holometabolous,above ground,Egg,live plants,,,
Lepidoptera,Antheraea polyphemus,not univoltine,holometabolous,above ground,Pupae,live plants,,,
Lepidoptera,Nymphalis antiopa,not univoltine,holometabolous,above ground,Adults,live plants,,,
Lepidoptera,Euptoieta claudia,not univoltine,holometabolous,above ground,Pupae,live plants,,,
Lepidoptera,Actias luna,not univoltine,holometabolous,above ground,Pupae,live plants,,,
Lepidoptera,Polygonia interrogationis,not univoltine,holometabolous,above ground,Adults,live plants,,,
Lepidoptera,Cupido comyntas,not univoltine,holometabolous,above ground,Pupae,live plants,https://www.butterfliesandmoths.org/species/Cupido-comyntas,,
Lepidoptera,Colias eurytheme,not univoltine,holometabolous,above ground,Pupae,live plants,https://www.butterfliesandmoths.org/species/Colias-eurytheme,,
Lepidoptera,Limenitis archippus,not univoltine,holometabolous,above ground,Larvae,live plants,,,
Lepidoptera,Lophocampa caryae,univoltine,holometabolous,above ground,Pupae,live plants,,,
Lepidoptera,Asterocampa celtis,not univoltine,holometabolous,above ground,Larvae,live plants,,,
Lepidoptera,Atalopedes campestris,not univoltine,holometabolous,above ground,,live plants,https://www.butterfliesandmoths.org/species/Atalopedes-campestris,,
Lepidoptera,Papilio troilus,not univoltine,holometabolous,above ground,Pupae,live plants,,,
Lepidoptera,Phoebis sennae,not univoltine,holometabolous,above ground,Migrate,live plants,,,
Lepidoptera,Hypena scabra,not univoltine,holometabolous,above ground,Pupae,live plants,https://bugguide.net/node/view/9540,,
Lepidoptera,Papilio cresphontes,not univoltine,holometabolous,above ground,,live plants,,,
Lepidoptera,Hypercompe scribonia,not univoltine,holometabolous,above ground,Larvae,live plants,,,
Lepidoptera,Eacles imperialis,not univoltine,holometabolous,above ground,Pupae,live plants,,,
Lepidoptera,Speyeria cybele,univoltine,holometabolous,above ground,Larvae,live plants,,,
Lepidoptera,Polygonia comma,not univoltine,holometabolous,above ground,Adults,live plants,,,
Lepidoptera,Anartia jatrophae,,holometabolous,above ground,,live plants,,,
Lepidoptera,Automeris io,not univoltine,holometabolous,above ground,Pupae,live plants,,,
Lepidoptera,Heliconius charithonia,not univoltine,holometabolous,above ground,None,live plants,,,
Lepidoptera,Coenonympha tullia,not univoltine,holometabolous,above ground,Larvae,live plants,https://www.butterfliesandmoths.org/species/Coenonympha-tullia,,
Lepidoptera,Lymantria dispar,univoltine,holometabolous,above ground,Egg,live plants,https://www.cabi.org/isc/datasheet/31807,,
Lepidoptera,Mythimna unipuncta,not univoltine,holometabolous,above ground,,live plants,https://bugguide.net/node/view/10901,,
Lepidoptera,Abaeis nicippe,not univoltine,holometabolous,above ground,,live plants,https://www.butterfliesandmoths.org/species/Abaeis-nicippe,,
Lepidoptera,Lerema accius,not univoltine,holometabolous,above ground,Migrate,live plants,https://www.naba.org/chapters/nabambc/construct-species-page.asp?sp=Lerema-accius,,
Lepidoptera,Polites peckius,not univoltine,holometabolous,above ground,Larvae,live plants,https://bugguide.net/node/view/3246,,
Lepidoptera,Hemaris diffinis,not univoltine,holometabolous,above ground,Pupae,live plants,https://bugguide.net/node/view/576072,,
Lepidoptera,Poanes zabulon,not univoltine,holometabolous,above ground,,live plants,https://www.butterfliesandmoths.org/species/Poanes-zabulon,,
Lepidoptera,Dryocampa rubicunda,not univoltine,holometabolous,above ground,Larvae,live plants,"https://irontreeservice.com/blog/insect-profiles/insect-profiles-rosy-maple-moth-dryocampa-rubicunda/#:~:text=Rosy%20maple%20moth%20produces%20univoltine,the%20Deep%20South%20and%20Florida.",,
Lepidoptera,Papilio zelicaon,not univoltine,holometabolous,above ground,Pupae,live plants,http://butterfly.ucdavis.edu/butterfly/Papilio/zelicaon,,
Lepidoptera,Cercyonis pegala,univoltine,holometabolous,above ground,Larvae,live plants,https://www.butterfliesandmoths.org/species/Cercyonis-pegala,,
Lepidoptera,Cisseps fulvicollis,not univoltine,holometabolous,above ground,,live plants,,,
Lepidoptera,Colias philodice,not univoltine,holometabolous,above ground,Pupae,live plants,https://www.butterfliesandmoths.org/species/Colias-philodice,,
Lepidoptera,Udea rubigalis,not univoltine,holometabolous,above ground,,live plants,https://bugguide.net/node/view/9721,,
Lepidoptera,Hemaris thysbe,not univoltine,holometabolous,above ground,Pupae,live plants,https://animaldiversity.org/accounts/Hemaris_thysbe/,,
Lepidoptera,Campaea perlata,not univoltine,holometabolous,above ground,Larvae,live plants,https://bugguide.net/node/view/13845,,
Lepidoptera,Galgula partita,not univoltine,holometabolous,above ground,,live plants,,,
Lepidoptera,Prochoerodes lineola,not univoltine,holometabolous,above ground,,live plants,https://bugguide.net/node/view/9657,,
Lepidoptera,Noctua pronuba,univoltine,holometabolous,above ground,Larvae,live plants,http://www.wildlifeinsight.com/british-moths/large-yellow-underwing-moth-and-caterpillar-noctua-pronuba/,,
Lepidoptera,Burnsius communis,not univoltine,holometabolous,above ground,Larvae,live plants,http://www.raisingbutterflies.org/pyrgus-communis-communis/,,
Lepidoptera,Ancyloxypha numitor,not univoltine,holometabolous,above ground,Pupae,live plants,https://www.butterfliesandmoths.org/species/Ancyloxypha-numitor,,
Lepidoptera,Microcrambus elegans,not univoltine,holometabolous,above ground,,live plants,https://bugguide.net/node/view/11959,,
Lepidoptera,Costaconvexa centrostrigaria,not univoltine,holometabolous,above ground,,live plants,https://bugguide.net/node/view/11620,,
Lepidoptera,Nomophila nearctica,,holometabolous,above ground,,live plants,https://bugguide.net/node/view/9485,,
Lepidoptera,Lethe anthedon,not univoltine,holometabolous,above ground,Larvae,live plants,https://alabama.butterflyatlas.usf.edu/species/details/51/northern-pearly-eye,,
Lepidoptera,Nymphalis californica,not univoltine,holometabolous,above ground,Adults,live plants,http://butterfly.ucdavis.edu/butterfly/Nymphalis/californica,,
Lepidoptera,Calycopis cecrops,not univoltine,holometabolous,above ground,Pupae,live plants,https://www.butterfliesandmoths.org/species/Calycopis-cecrops,,
Lepidoptera,Chlosyne nycteis,not univoltine,holometabolous,above ground,Larvae,live plants,https://uwm.edu/field-station/silvery-checkerspot/,,
Lepidoptera,Limenitis lorquini,not univoltine,holometabolous,above ground,Larvae,live plants,https://www.butterfliesandmoths.org/species/Limenitis-lorquini,,
Lepidoptera,Haematopis grataria,not univoltine,holometabolous,above ground,Larvae,live plants,https://bugguide.net/node/view/14995,,
Lepidoptera,Eurytides marcellus,not univoltine,holometabolous,above ground,Pupae,live plants,http://entnemdept.ufl.edu/creatures/bfly/zebra_swallowtail.htm,,
Lepidoptera,Idia aemula,not univoltine,holometabolous,above ground,Larvae,detritivorous,https://bugguide.net/node/view/16245,,
Lepidoptera,Scopula limboundata,not univoltine,holometabolous,above ground,Larvae,live plants,https://www.insectidentification.org/insect-description.asp?identification=Large-Lace-Border-Moth,,
Lepidoptera,Erynnis horatius,not univoltine,holometabolous,above ground,Larvae,live plants,https://www.butterfliesandmoths.org/species/Erynnis-horatius,,
Lepidoptera,Idia americalis,not univoltine,holometabolous,above ground,Larvae,live plants,https://bugguide.net/node/view/16249,,
Lepidoptera,Celastrina neglecta,not univoltine,holometabolous,above ground,Pupae,live plants,https://www.butterfliesandmoths.org/species/Celastrina-neglecta,,
Lepidoptera,Vanessa annabella,not univoltine,holometabolous,above ground,Adults,live plants,http://butterfly.ucdavis.edu/butterfly/Vanessa/annabella,,
Lepidoptera,Megalopyge opercularis,not univoltine,holometabolous,above ground,Larvae,live plants,http://entnemdept.ufl.edu/Creatures/MISC/MOTHS/puss.htm,,
Lepidoptera,Macaria pustularia,univoltine,holometabolous,above ground,Egg,live plants,https://bugguide.net/node/view/551,,
Lepidoptera,Papilio canadensis,univoltine,holometabolous,above ground,Pupae,live plants,https://www.butterfliesandmoths.org/species/Papilio-canadensis,https://digitalatlas.cose.isu.edu/bio/insects/butrfly/fampap/pacaf.htm,
Lepidoptera,Hermeuptychia sosybius,not univoltine,holometabolous,above ground,Egg,live plants,https://www.butterfliesandmoths.org/species/Hermeuptychia-sosybius,,
Lepidoptera,Eutrapela clemataria,not univoltine,holometabolous,above ground,Pupae,live plants,https://bugguide.net/node/view/475,,
Lepidoptera,Orthonama obstipata,not univoltine,holometabolous,above ground,,live plants,https://bugguide.net/node/view/9628,,
Lepidoptera,Epimecis hortaria,not univoltine,holometabolous,above ground,Pupae,live plants,Caterpillars of Eastern North America,,
Lepidoptera,Choristunivoltineura rosaceana,not univoltine,holometabolous,above ground,,live plants,https://bugguide.net/node/view/12088,,
Lepidoptera,Pleuroprucha insulsaria,not univoltine,holometabolous,above ground,Pupae,live plants,Caterpillars of Eastern North America,,
Lepidoptera,Lacinipolia renigera,not univoltine,holometabolous,above ground,,live plants,https://www.butterfliesandmoths.org/species/Lacinipolia-renigera,,
Lepidoptera,Panoquina ocola,not univoltine,holometabolous,above ground,,live plants,https://bugguide.net/node/view/3052,,
Lepidoptera,Crambus agitatellus,univoltine,holometabolous,above ground,Larvae,live plants,https://bugguide.net/node/view/11763,,
Lepidoptera,Erynnis baptisiae,not univoltine,holometabolous,above ground,Larvae,live plants,https://nhpbs.org/wild/wildindigoduskywing.asp,,
Lepidoptera,Nematocampa resistaria,not univoltine,holometabolous,above ground,Egg,live plants,Caterpillars of Eastern North America,,
Lepidoptera,Autographa precationis,not univoltine,holometabolous,above ground,,live plants,https://bugguide.net/node/view/7238,,
Lepidoptera,Rivula propinqualis,,holometabolous,above ground,,live plants,https://bugguide.net/node/view/549,,
Lepidoptera,Patalene olyzonaria,not univoltine,holometabolous,above ground,Pupae,live plants,Caterpillars of Eastern North America,,
